iteration,trials,nmivalue
21,1,0.8255157319161562
21,1,0.822502631582113
21,1,0.7773149373367111
21,1,0.7825924136879517
21,1,0.7759306632340784
21,1,0.7720402648863464
21,1,0.8092701238784916
21,1,0.8305804221625653
21,1,0.8059878161582789
21,1,0.738126410099056
21,1,0.7833822965771814
21,1,0.8368395386854208
21,1,0.7599010002093262
21,1,0.7496308241911847
21,1,0.8270674336896788
21,1,0.8492042099022177
21,1,0.7347659065778851
21,1,0.7894922567170177
21,1,0.791885294091895
21,1,0.8366290180762639
21,1,0.8255157319161562
21,1,0.7986445745304267
21,1,0.7771237948787925
21,1,0.7839040886460342
21,1,0.7934449881694844
21,1,0.7670408966663759
21,1,0.8294353434173527
21,1,0.824728275897546
21,1,0.8546471452691236
21,1,0.7286511620623422
21,1,0.7271923138499213
21,1,0.7975676347842859
21,1,0.7993525832059256
21,1,0.8349465891194865
21,1,0.8678744268581544
21,1,0.7970019024399022
21,1,0.826368089091287
21,1,0.8033202795640474
21,1,0.8873326708550774
21,1,0.8094799414290063
21,1,0.822502631582113
21,1,0.7986445745304267
21,1,0.7691240482702446
21,1,0.8188925706775122
21,1,0.8552798687638096
21,1,0.7868047791874784
21,1,0.8057924304373246
21,1,0.817814130656547
21,1,0.7795380333634344
21,1,0.7696122510725206
21,1,0.7696933198652142
21,1,0.7506248170243571
21,1,0.8208695962998314
21,1,0.7505747136522828
21,1,0.7856272468923561
21,1,0.8137829390433474
21,1,0.7896994729220955
21,1,0.7374001532259901
21,1,0.7804171736413731
21,1,0.7730611005953074
21,1,0.7773149373367111
21,1,0.7771237948787925
21,1,0.7691240482702446
21,1,0.8484028687531384
21,1,0.811992241444947
21,1,0.8065599898254537
21,1,0.832187810050736
21,1,0.8082287494465913
21,1,0.7496441543542731
21,1,0.7919413576602259
21,1,0.7800633935159458
21,1,0.7862463649018115
21,1,0.7136291442355708
21,1,0.7004079463046998
21,1,0.8242098640651179
21,1,0.8285787448076416
21,1,0.748117181688399
21,1,0.6927215929193963
21,1,0.7599692611328785
21,1,0.8083548120717506
21,1,0.7825924136879517
21,1,0.7839040886460342
21,1,0.8188925706775122
21,1,0.8484028687531384
21,1,0.9079395641681043
21,1,0.875635791758573
21,1,0.8203675887764212
21,1,0.8770118421109635
21,1,0.7193292900674065
21,1,0.8290314105183292
21,1,0.8177956312812618
21,1,0.7934880820564866
21,1,0.7441795125622069
21,1,0.7416552167007026
21,1,0.8029373270692503
21,1,0.8262281755493346
21,1,0.8162843402261951
21,1,0.7045978984699135
21,1,0.7750798835759033
21,1,0.8582193705011689
21,1,0.7759306632340784
21,1,0.7934449881694844
21,1,0.8552798687638096
21,1,0.811992241444947
21,1,0.9079395641681043
21,1,0.8400577666341209
21,1,0.8482587203180697
21,1,0.8469281434429924
21,1,0.7399437810005861
21,1,0.8235858795170968
21,1,0.7890969620660285
21,1,0.7874569026408809
21,1,0.7652110759613814
21,1,0.7681694895553298
21,1,0.815702600114614
21,1,0.809193512740945
21,1,0.8055995077448045
21,1,0.7117421162299944
21,1,0.7849780738725678
21,1,0.8084996782901486
21,1,0.7720402648863464
21,1,0.7670408966663759
21,1,0.7868047791874784
21,1,0.8065599898254537
21,1,0.875635791758573
21,1,0.8400577666341209
21,1,0.7980184729093761
21,1,0.8082730340654783
21,1,0.7246542003783633
21,1,0.7896935125562012
21,1,0.7628352512180908
21,1,0.7543863380050653
21,1,0.70158285258431
21,1,0.6983586443684696
21,1,0.7833840106881229
21,1,0.8026676439870951
21,1,0.7538616765504298
21,1,0.68681862046416
21,1,0.7343865315768888
21,1,0.7899637128944259
21,1,0.8092701238784916
21,1,0.8294353434173527
21,1,0.8057924304373246
21,1,0.832187810050736
21,1,0.8203675887764212
21,1,0.8482587203180697
21,1,0.7980184729093761
21,1,0.8229349837106953
21,1,0.7841396887822212
21,1,0.7636531153449178
21,1,0.752952281720364
21,1,0.8056702175940678
21,1,0.7445996193144334
21,1,0.7385006092463738
21,1,0.849715513151089
21,1,0.8300796021953115
21,1,0.7808784295224084
21,1,0.7004110469215111
21,1,0.7929267547214816
21,1,0.7863058502395277
21,1,0.8305804221625653
21,1,0.824728275897546
21,1,0.817814130656547
21,1,0.8082287494465913
21,1,0.8770118421109635
21,1,0.8469281434429924
21,1,0.8082730340654783
21,1,0.8229349837106953
21,1,0.7639362940864656
21,1,0.8131963413106569
21,1,0.8281383430463485
21,1,0.7958610137621087
21,1,0.7712363254246611
21,1,0.7896139738983093
21,1,0.7988178633592894
21,1,0.8660197050427959
21,1,0.8267108290651813
21,1,0.7673070331548201
21,1,0.8209815473763178
21,1,0.8293560751798261
21,1,0.8059878161582789
21,1,0.8546471452691236
21,1,0.7795380333634344
21,1,0.7496441543542731
21,1,0.7193292900674065
21,1,0.7399437810005861
21,1,0.7246542003783633
21,1,0.7841396887822212
21,1,0.7639362940864656
21,1,0.701216779923689
21,1,0.7025992778592937
21,1,0.7385984473759653
21,1,0.7599463751991629
21,1,0.7476160910423721
21,1,0.8186806195073237
21,1,0.7925406408261971
21,1,0.7639311964782808
21,1,0.7699929433426044
21,1,0.8013781377710075
21,1,0.7675094507566106
21,1,0.738126410099056
21,1,0.7286511620623422
21,1,0.7696122510725206
21,1,0.7919413576602259
21,1,0.8290314105183292
21,1,0.8235858795170968
21,1,0.7896935125562012
21,1,0.7636531153449178
21,1,0.8131963413106569
21,1,0.701216779923689
21,1,0.8386250411848146
21,1,0.7437802990023671
21,1,0.7624867561810822
21,1,0.7652506504641576
21,1,0.7775119250833515
21,1,0.7726200477421307
21,1,0.7899123864730678
21,1,0.7184440564392958
21,1,0.7602600352801577
21,1,0.7998151036611705
21,1,0.7833822965771814
21,1,0.7271923138499213
21,1,0.7696933198652142
21,1,0.7800633935159458
21,1,0.8177956312812618
21,1,0.7890969620660285
21,1,0.7628352512180908
21,1,0.752952281720364
21,1,0.8281383430463485
21,1,0.7025992778592937
21,1,0.8386250411848146
21,1,0.7470854861830518
21,1,0.7792222654552112
21,1,0.7541713963976664
21,1,0.7723817884396526
21,1,0.8094278800650504
21,1,0.775184913002157
21,1,0.6987010444188133
21,1,0.7605364989592334
21,1,0.8026316276614262
21,1,0.8368395386854208
21,1,0.7975676347842859
21,1,0.7506248170243571
21,1,0.7862463649018115
21,1,0.7934880820564866
21,1,0.7874569026408809
21,1,0.7543863380050653
21,1,0.8056702175940678
21,1,0.7958610137621087
21,1,0.7385984473759653
21,1,0.7437802990023671
21,1,0.7470854861830518
21,1,0.725136164941012
21,1,0.759087588695939
21,1,0.8371600224853804
21,1,0.7807527609837946
21,1,0.7416699538309202
21,1,0.7348566917352933
21,1,0.7977930271276057
21,1,0.8502761788118066
21,1,0.7599010002093262
21,1,0.7993525832059256
21,1,0.8208695962998314
21,1,0.7136291442355708
21,1,0.7441795125622069
21,1,0.7652110759613814
21,1,0.70158285258431
21,1,0.7445996193144334
21,1,0.7712363254246611
21,1,0.7599463751991629
21,1,0.7624867561810822
21,1,0.7792222654552112
21,1,0.725136164941012
21,1,0.8179692527617618
21,1,0.7733070899796841
21,1,0.7656624350112491
21,1,0.8094901969893767
21,1,0.7539768126813946
21,1,0.8516310413874738
21,1,0.7249536099943678
21,1,0.7496308241911847
21,1,0.8349465891194865
21,1,0.7505747136522828
21,1,0.7004079463046998
21,1,0.7416552167007026
21,1,0.7681694895553298
21,1,0.6983586443684696
21,1,0.7385006092463738
21,1,0.7896139738983093
21,1,0.7476160910423721
21,1,0.7652506504641576
21,1,0.7541713963976664
21,1,0.759087588695939
21,1,0.8179692527617618
21,1,0.8039506503889271
21,1,0.7155885616261554
21,1,0.8261231184837537
21,1,0.8004971219141807
21,1,0.8707946798845223
21,1,0.76145857755792
21,1,0.8270674336896788
21,1,0.8678744268581544
21,1,0.7856272468923561
21,1,0.8242098640651179
21,1,0.8029373270692503
21,1,0.815702600114614
21,1,0.7833840106881229
21,1,0.849715513151089
21,1,0.7988178633592894
21,1,0.8186806195073237
21,1,0.7775119250833515
21,1,0.7723817884396526
21,1,0.8371600224853804
21,1,0.7733070899796841
21,1,0.8039506503889271
21,1,0.805204777995999
21,1,0.7926624564431769
21,1,0.7447172179854811
21,1,0.8245947353124862
21,1,0.8410774897365327
21,1,0.8492042099022177
21,1,0.7970019024399022
21,1,0.8137829390433474
21,1,0.8285787448076416
21,1,0.8262281755493346
21,1,0.809193512740945
21,1,0.8026676439870951
21,1,0.8300796021953115
21,1,0.8660197050427959
21,1,0.7925406408261971
21,1,0.7726200477421307
21,1,0.8094278800650504
21,1,0.7807527609837946
21,1,0.7656624350112491
21,1,0.7155885616261554
21,1,0.805204777995999
21,1,0.7725687218778982
21,1,0.7160877852661319
21,1,0.763208002643305
21,1,0.8320329289187587
21,1,0.7347659065778851
21,1,0.826368089091287
21,1,0.7896994729220955
21,1,0.748117181688399
21,1,0.8162843402261951
21,1,0.8055995077448045
21,1,0.7538616765504298
21,1,0.7808784295224084
21,1,0.8267108290651813
21,1,0.7639311964782808
21,1,0.7899123864730678
21,1,0.775184913002157
21,1,0.7416699538309202
21,1,0.8094901969893767
21,1,0.8261231184837537
21,1,0.7926624564431769
21,1,0.7725687218778982
21,1,0.7433105141400329
21,1,0.8681503494484347
21,1,0.7523898528389058
21,1,0.7894922567170177
21,1,0.8033202795640474
21,1,0.7374001532259901
21,1,0.6927215929193963
21,1,0.7045978984699135
21,1,0.7117421162299944
21,1,0.68681862046416
21,1,0.7004110469215111
21,1,0.7673070331548201
21,1,0.7699929433426044
21,1,0.7184440564392958
21,1,0.6987010444188133
21,1,0.7348566917352933
21,1,0.7539768126813946
21,1,0.8004971219141807
21,1,0.7447172179854811
21,1,0.7160877852661319
21,1,0.7433105141400329
21,1,0.8079386129495331
21,1,0.730880103221132
21,1,0.791885294091895
21,1,0.8873326708550774
21,1,0.7804171736413731
21,1,0.7599692611328785
21,1,0.7750798835759033
21,1,0.7849780738725678
21,1,0.7343865315768888
21,1,0.7929267547214816
21,1,0.8209815473763178
21,1,0.8013781377710075
21,1,0.7602600352801577
21,1,0.7605364989592334
21,1,0.7977930271276057
21,1,0.8516310413874738
21,1,0.8707946798845223
21,1,0.8245947353124862
21,1,0.763208002643305
21,1,0.8681503494484347
21,1,0.8079386129495331
21,1,0.773910483359925
21,1,0.8366290180762639
21,1,0.8094799414290063
21,1,0.7730611005953074
21,1,0.8083548120717506
21,1,0.8582193705011689
21,1,0.8084996782901486
21,1,0.7899637128944259
21,1,0.7863058502395277
21,1,0.8293560751798261
21,1,0.7675094507566106
21,1,0.7998151036611705
21,1,0.8026316276614262
21,1,0.8502761788118066
21,1,0.7249536099943678
21,1,0.76145857755792
21,1,0.8410774897365327
21,1,0.8320329289187587
21,1,0.7523898528389058
21,1,0.730880103221132
21,1,0.773910483359925
21,5,0.9121224801700489
21,5,0.9045502901760025
21,5,0.9146316967880898
21,5,0.9288356706361821
21,5,0.9204818446699118
21,5,0.9122809239083138
21,5,0.8631405940233864
21,5,0.9541231445431776
21,5,0.9129095361293085
21,5,0.9275534235212628
21,5,0.9274200627435177
21,5,0.8791769139026445
21,5,0.9330262671982256
21,5,0.917645576029261
21,5,0.9050379412319925
21,5,0.9170427989565796
21,5,0.9106081852607294
21,5,0.9268718077115882
21,5,0.9370745062394709
21,5,0.9293746912060259
21,5,0.9121224801700489
21,5,0.9238330767916146
21,5,0.9311216626531432
21,5,0.9119556013582267
21,5,0.9113384934460115
21,5,0.9086860444797353
21,5,0.8749131495028856
21,5,0.9164424759229164
21,5,0.9140218287825261
21,5,0.9338313305969225
21,5,0.9366978827512349
21,5,0.8834128859735517
21,5,0.9338616676341347
21,5,0.9184304846715096
21,5,0.9090195835140554
21,5,0.9249161068608512
21,5,0.9284215524027164
21,5,0.9205232059168109
21,5,0.9386333858747274
21,5,0.9377234336739569
21,5,0.9045502901760025
21,5,0.9238330767916146
21,5,0.8985036538051477
21,5,0.9193793913868933
21,5,0.9252991330669813
21,5,0.8760110254851163
21,5,0.8866180200380821
21,5,0.9114257448913948
21,5,0.9333204754215151
21,5,0.9058921038329606
21,5,0.9369292857753053
21,5,0.9134414186947204
21,5,0.9428471744838149
21,5,0.9242223676899601
21,5,0.8832092396972789
21,5,0.9134534373472386
21,5,0.8852206491407183
21,5,0.9162962974675161
21,5,0.9163551954362967
21,5,0.9212309435033911
21,5,0.9146316967880898
21,5,0.9311216626531432
21,5,0.8985036538051477
21,5,0.9071651377342177
21,5,0.9096292088299501
21,5,0.907483342994391
21,5,0.8555165400800868
21,5,0.9055462397614137
21,5,0.8920487828351781
21,5,0.9374533088265437
21,5,0.9146971906375762
21,5,0.8619287453116036
21,5,0.9114139456541817
21,5,0.9096939098270401
21,5,0.9290840483424839
21,5,0.9350408190231027
21,5,0.9081014039860583
21,5,0.9111942664294008
21,5,0.9441466188838155
21,5,0.9248158044417186
21,5,0.9288356706361821
21,5,0.9119556013582267
21,5,0.9193793913868933
21,5,0.9071651377342177
21,5,0.904197892563977
21,5,0.9031969297853081
21,5,0.867986718950808
21,5,0.9297272538577313
21,5,0.9051196046288422
21,5,0.9225502051726739
21,5,0.9217293140832927
21,5,0.8673352330531703
21,5,0.9360732445673371
21,5,0.9101581302587192
21,5,0.9036014176030339
21,5,0.9142915487582588
21,5,0.9087146873195185
21,5,0.9257410321314659
21,5,0.9224041835920422
21,5,0.9154375374684601
21,5,0.9204818446699118
21,5,0.9113384934460115
21,5,0.9252991330669813
21,5,0.9096292088299501
21,5,0.904197892563977
21,5,0.8888379405977019
21,5,0.8942853207940019
21,5,0.9192706794250272
21,5,0.9340182343027459
21,5,0.9122665775292922
21,5,0.9310391585628621
21,5,0.8967630577167554
21,5,0.9274820679932472
21,5,0.9427538025558323
21,5,0.887626280180503
21,5,0.9253202089288358
21,5,0.8785847856557681
21,5,0.9056116391146253
21,5,0.9177345834428728
21,5,0.9356034591000801
21,5,0.9122809239083138
21,5,0.9086860444797353
21,5,0.8760110254851163
21,5,0.907483342994391
21,5,0.9031969297853081
21,5,0.8888379405977019
21,5,0.8867164589624617
21,5,0.8995222053575455
21,5,0.889059171298402
21,5,0.9121123371393403
21,5,0.887126666162725
21,5,0.8565901941659032
21,5,0.9039158667958569
21,5,0.8859070267859929
21,5,0.9073638296099538
21,5,0.902197121712621
21,5,0.9077728068298967
21,5,0.919540553126583
21,5,0.9006291612509909
21,5,0.8971938292546917
21,5,0.8631405940233864
21,5,0.8749131495028856
21,5,0.8866180200380821
21,5,0.8555165400800868
21,5,0.867986718950808
21,5,0.8942853207940019
21,5,0.8867164589624617
21,5,0.86262153220393
21,5,0.9131477088054013
21,5,0.8633308737919776
21,5,0.8873461279083489
21,5,0.8788175808480428
21,5,0.8823113538001446
21,5,0.8844272985923368
21,5,0.8731284877762912
21,5,0.8786384116664794
21,5,0.8617481937059507
21,5,0.8923415227432641
21,5,0.8662020454485438
21,5,0.8859321304600838
21,5,0.9541231445431776
21,5,0.9164424759229164
21,5,0.9114257448913948
21,5,0.9055462397614137
21,5,0.9297272538577313
21,5,0.9192706794250272
21,5,0.8995222053575455
21,5,0.86262153220393
21,5,0.9036470447267132
21,5,0.928950217199667
21,5,0.941886272872391
21,5,0.8705293796894032
21,5,0.9319128947004668
21,5,0.9178941639432249
21,5,0.904449176266347
21,5,0.9181799713560095
21,5,0.9104668338277219
21,5,0.9340326966578945
21,5,0.922612844129517
21,5,0.9299189639375282
21,5,0.9129095361293085
21,5,0.9140218287825261
21,5,0.9333204754215151
21,5,0.8920487828351781
21,5,0.9051196046288422
21,5,0.9340182343027459
21,5,0.889059171298402
21,5,0.9131477088054013
21,5,0.9036470447267132
21,5,0.8954675508842912
21,5,0.9304993816044878
21,5,0.9219452178638001
21,5,0.9268533147820287
21,5,0.9255185570439753
21,5,0.8812927926391828
21,5,0.9005398968266156
21,5,0.88095397856352
21,5,0.9004127955859125
21,5,0.9046922642642635
21,5,0.928265617788229
21,5,0.9275534235212628
21,5,0.9338313305969225
21,5,0.9058921038329606
21,5,0.9374533088265437
21,5,0.9225502051726739
21,5,0.9122665775292922
21,5,0.9121123371393403
21,5,0.8633308737919776
21,5,0.928950217199667
21,5,0.8954675508842912
21,5,0.9120219685242201
21,5,0.8698419136879685
21,5,0.9312684782702806
21,5,0.8997989021537599
21,5,0.9328282396600872
21,5,0.947860982582414
21,5,0.901289991544367
21,5,0.9228394387768315
21,5,0.9426581353304834
21,5,0.9230268095692264
21,5,0.9274200627435177
21,5,0.9366978827512349
21,5,0.9369292857753053
21,5,0.9146971906375762
21,5,0.9217293140832927
21,5,0.9310391585628621
21,5,0.887126666162725
21,5,0.8873461279083489
21,5,0.941886272872391
21,5,0.9304993816044878
21,5,0.9120219685242201
21,5,0.914458093307411
21,5,0.9499211943599662
21,5,0.9440426460014898
21,5,0.8898875282644969
21,5,0.9191503100753818
21,5,0.9025787524182456
21,5,0.9236890298637124
21,5,0.9323693003390682
21,5,0.9462371834214621
21,5,0.8791769139026445
21,5,0.8834128859735517
21,5,0.9134414186947204
21,5,0.8619287453116036
21,5,0.8673352330531703
21,5,0.8967630577167554
21,5,0.8565901941659032
21,5,0.8788175808480428
21,5,0.8705293796894032
21,5,0.9219452178638001
21,5,0.8698419136879685
21,5,0.914458093307411
21,5,0.9122512453137799
21,5,0.9015584039270427
21,5,0.860765659749143
21,5,0.874214142499087
21,5,0.8513874907892766
21,5,0.8724392202061635
21,5,0.8743814436615295
21,5,0.8998543035026854
21,5,0.9330262671982256
21,5,0.9338616676341347
21,5,0.9428471744838149
21,5,0.9114139456541817
21,5,0.9360732445673371
21,5,0.9274820679932472
21,5,0.9039158667958569
21,5,0.8823113538001446
21,5,0.9319128947004668
21,5,0.9268533147820287
21,5,0.9312684782702806
21,5,0.9499211943599662
21,5,0.9122512453137799
21,5,0.9307156286310109
21,5,0.9091821050602985
21,5,0.9294046815766015
21,5,0.907790699069547
21,5,0.9251027056088852
21,5,0.9317209025329556
21,5,0.9418630869067833
21,5,0.917645576029261
21,5,0.9184304846715096
21,5,0.9242223676899601
21,5,0.9096939098270401
21,5,0.9101581302587192
21,5,0.9427538025558323
21,5,0.8859070267859929
21,5,0.8844272985923368
21,5,0.9178941639432249
21,5,0.9255185570439753
21,5,0.8997989021537599
21,5,0.9440426460014898
21,5,0.9015584039270427
21,5,0.9307156286310109
21,5,0.8796293386313587
21,5,0.904805025574923
21,5,0.891597454821932
21,5,0.9060847056375615
21,5,0.9140049825786288
21,5,0.9333580204753297
21,5,0.9050379412319925
21,5,0.9090195835140554
21,5,0.8832092396972789
21,5,0.9290840483424839
21,5,0.9036014176030339
21,5,0.887626280180503
21,5,0.9073638296099538
21,5,0.8731284877762912
21,5,0.904449176266347
21,5,0.8812927926391828
21,5,0.9328282396600872
21,5,0.8898875282644969
21,5,0.860765659749143
21,5,0.9091821050602985
21,5,0.8796293386313587
21,5,0.9205184709281443
21,5,0.9005329714311969
21,5,0.9195801565555434
21,5,0.9301021800766642
21,5,0.8983499470185001
21,5,0.9170427989565796
21,5,0.9249161068608512
21,5,0.9134534373472386
21,5,0.9350408190231027
21,5,0.9142915487582588
21,5,0.9253202089288358
21,5,0.902197121712621
21,5,0.8786384116664794
21,5,0.9181799713560095
21,5,0.9005398968266156
21,5,0.947860982582414
21,5,0.9191503100753818
21,5,0.874214142499087
21,5,0.9294046815766015
21,5,0.904805025574923
21,5,0.9205184709281443
21,5,0.8863645971535072
21,5,0.9330306959734017
21,5,0.9365265893354917
21,5,0.9307154054078477
21,5,0.9106081852607294
21,5,0.9284215524027164
21,5,0.8852206491407183
21,5,0.9081014039860583
21,5,0.9087146873195185
21,5,0.8785847856557681
21,5,0.9077728068298967
21,5,0.8617481937059507
21,5,0.9104668338277219
21,5,0.88095397856352
21,5,0.901289991544367
21,5,0.9025787524182456
21,5,0.8513874907892766
21,5,0.907790699069547
21,5,0.891597454821932
21,5,0.9005329714311969
21,5,0.8863645971535072
21,5,0.9143112638784135
21,5,0.9087654391337805
21,5,0.8884279220002818
21,5,0.9268718077115882
21,5,0.9205232059168109
21,5,0.9162962974675161
21,5,0.9111942664294008
21,5,0.9257410321314659
21,5,0.9056116391146253
21,5,0.919540553126583
21,5,0.8923415227432641
21,5,0.9340326966578945
21,5,0.9004127955859125
21,5,0.9228394387768315
21,5,0.9236890298637124
21,5,0.8724392202061635
21,5,0.9251027056088852
21,5,0.9060847056375615
21,5,0.9195801565555434
21,5,0.9330306959734017
21,5,0.9143112638784135
21,5,0.9231443082684991
21,5,0.92070917678464
21,5,0.9370745062394709
21,5,0.9386333858747274
21,5,0.9163551954362967
21,5,0.9441466188838155
21,5,0.9224041835920422
21,5,0.9177345834428728
21,5,0.9006291612509909
21,5,0.8662020454485438
21,5,0.922612844129517
21,5,0.9046922642642635
21,5,0.9426581353304834
21,5,0.9323693003390682
21,5,0.8743814436615295
21,5,0.9317209025329556
21,5,0.9140049825786288
21,5,0.9301021800766642
21,5,0.9365265893354917
21,5,0.9087654391337805
21,5,0.9231443082684991
21,5,0.9283718625473449
21,5,0.9293746912060259
21,5,0.9377234336739569
21,5,0.9212309435033911
21,5,0.9248158044417186
21,5,0.9154375374684601
21,5,0.9356034591000801
21,5,0.8971938292546917
21,5,0.8859321304600838
21,5,0.9299189639375282
21,5,0.928265617788229
21,5,0.9230268095692264
21,5,0.9462371834214621
21,5,0.8998543035026854
21,5,0.9418630869067833
21,5,0.9333580204753297
21,5,0.8983499470185001
21,5,0.9307154054078477
21,5,0.8884279220002818
21,5,0.92070917678464
21,5,0.9283718625473449
21,10,0.9172147204805025
21,10,0.9241611661327096
21,10,0.9249213909729669
21,10,0.9271216122869282
21,10,0.9455808894395069
21,10,0.923465981856476
21,10,0.93714126548357
21,10,0.9525800364369518
21,10,0.9253707878752714
21,10,0.9443198066121866
21,10,0.8967204988268018
21,10,0.9354355232958932
21,10,0.932934241357203
21,10,0.9341175411478363
21,10,0.9335411905401876
21,10,0.9287711287013058
21,10,0.9233181006317378
21,10,0.9295272068685817
21,10,0.9135723001178385
21,10,0.9276015650796599
21,10,0.9172147204805025
21,10,0.8851507660016785
21,10,0.8884385524238073
21,10,0.9257898227659475
21,10,0.9203918242244802
21,10,0.9217157560092314
21,10,0.9251011994431908
21,10,0.9071184351093298
21,10,0.9101811980578522
21,10,0.9285280813547521
21,10,0.9155755455201319
21,10,0.8970157887586214
21,10,0.9037153987895913
21,10,0.9413810279904691
21,10,0.9201153864384737
21,10,0.9372831937575664
21,10,0.9306567699451789
21,10,0.9273626811540342
21,10,0.8828484662079951
21,10,0.9023136991642219
21,10,0.9241611661327096
21,10,0.8851507660016785
21,10,0.937218359736659
21,10,0.8958070820212076
21,10,0.9237118952500302
21,10,0.9064105111292418
21,10,0.9201820292126696
21,10,0.9366462190106074
21,10,0.9051146069571095
21,10,0.9162940593763332
21,10,0.8833395765569203
21,10,0.9361095079974263
21,10,0.9589493156588196
21,10,0.8995018662898678
21,10,0.9215742308846853
21,10,0.9024644199386177
21,10,0.8951373046838194
21,10,0.9169447139385489
21,10,0.9351464972644551
21,10,0.9102516873527474
21,10,0.9249213909729669
21,10,0.8884385524238073
21,10,0.937218359736659
21,10,0.8997686668644838
21,10,0.9079462775609984
21,10,0.901892007624398
21,10,0.9143623059987642
21,10,0.9298793015119354
21,10,0.8985811686833693
21,10,0.9087233994919003
21,10,0.8703747077691609
21,10,0.9187115647020146
21,10,0.9467684322237505
21,10,0.8918230504530229
21,10,0.9204834155345708
21,10,0.8986927237797117
21,10,0.8869411483748865
21,10,0.9110540513944458
21,10,0.931928955999021
21,10,0.9285281836983644
21,10,0.9271216122869282
21,10,0.9257898227659475
21,10,0.8958070820212076
21,10,0.8997686668644838
21,10,0.9409099637024637
21,10,0.9354681519173281
21,10,0.9372736726850895
21,10,0.9176004945802834
21,10,0.9157253887531663
21,10,0.9286142240839539
21,10,0.9099739995440805
21,10,0.9288252728790601
21,10,0.9131006391912566
21,10,0.9229722409216141
21,10,0.9411885497463198
21,10,0.9493248761093379
21,10,0.9332325689240714
21,10,0.932895477706788
21,10,0.8840886252572137
21,10,0.9326394515151384
21,10,0.9455808894395069
21,10,0.9203918242244802
21,10,0.9237118952500302
21,10,0.9079462775609984
21,10,0.9409099637024637
21,10,0.9423962173195325
21,10,0.9499870320482374
21,10,0.948386751835454
21,10,0.9295821641949026
21,10,0.9451250925639353
21,10,0.9309258110293072
21,10,0.9498077861290555
21,10,0.9375074484096637
21,10,0.9354227393230041
21,10,0.942436292041358
21,10,0.9384092820368399
21,10,0.9328998131721349
21,10,0.947558460247771
21,10,0.9054079528550216
21,10,0.9277554970220331
21,10,0.923465981856476
21,10,0.9217157560092314
21,10,0.9064105111292418
21,10,0.901892007624398
21,10,0.9354681519173281
21,10,0.9423962173195325
21,10,0.9322126110135169
21,10,0.9414302992956005
21,10,0.9409415785305653
21,10,0.9261377902874414
21,10,0.9276697959822325
21,10,0.9520761940025827
21,10,0.9249945656569868
21,10,0.9350408968366624
21,10,0.9350054721938554
21,10,0.9471009994782347
21,10,0.9337383809537534
21,10,0.92129613796678
21,10,0.8980725407461585
21,10,0.9226788621657886
21,10,0.93714126548357
21,10,0.9251011994431908
21,10,0.9201820292126696
21,10,0.9143623059987642
21,10,0.9372736726850895
21,10,0.9499870320482374
21,10,0.9322126110135169
21,10,0.9352554914881379
21,10,0.934285204397844
21,10,0.9422795889582967
21,10,0.9113856008925961
21,10,0.938988616243124
21,10,0.9323398443551478
21,10,0.9247380265243682
21,10,0.9467671829048153
21,10,0.9543979168547687
21,10,0.9244324193535459
21,10,0.9496402370381757
21,10,0.9082803316599805
21,10,0.9429388473411497
21,10,0.9525800364369518
21,10,0.9071184351093298
21,10,0.9366462190106074
21,10,0.9298793015119354
21,10,0.9176004945802834
21,10,0.948386751835454
21,10,0.9414302992956005
21,10,0.9352554914881379
21,10,0.9286418620783777
21,10,0.9484504569045088
21,10,0.9165971365938719
21,10,0.9564103256125182
21,10,0.952879736591594
21,10,0.930660197237005
21,10,0.9501647448054282
21,10,0.9295290266562247
21,10,0.9206295942673549
21,10,0.9241049843918565
21,10,0.9408078559647305
21,10,0.9474978281618894
21,10,0.9253707878752714
21,10,0.9101811980578522
21,10,0.9051146069571095
21,10,0.8985811686833693
21,10,0.9157253887531663
21,10,0.9295821641949026
21,10,0.9409415785305653
21,10,0.934285204397844
21,10,0.9286418620783777
21,10,0.9261046860874458
21,10,0.8993187344827638
21,10,0.925068927900394
21,10,0.9151605135293097
21,10,0.9123709275337902
21,10,0.9254255097639561
21,10,0.9358382193755868
21,10,0.9172622987675815
21,10,0.9313468491049002
21,10,0.9088262714028399
21,10,0.9218543917934803
21,10,0.9443198066121866
21,10,0.9285280813547521
21,10,0.9162940593763332
21,10,0.9087233994919003
21,10,0.9286142240839539
21,10,0.9451250925639353
21,10,0.9261377902874414
21,10,0.9422795889582967
21,10,0.9484504569045088
21,10,0.9261046860874458
21,10,0.9005194040393673
21,10,0.9461288476756132
21,10,0.9208926272074871
21,10,0.9284134400710421
21,10,0.9646493893667248
21,10,0.9484940222079843
21,10,0.9452535708217743
21,10,0.9351902263094869
21,10,0.9118538820941574
21,10,0.946258855955999
21,10,0.8967204988268018
21,10,0.9155755455201319
21,10,0.8833395765569203
21,10,0.8703747077691609
21,10,0.9099739995440805
21,10,0.9309258110293072
21,10,0.9276697959822325
21,10,0.9113856008925961
21,10,0.9165971365938719
21,10,0.8993187344827638
21,10,0.9005194040393673
21,10,0.9156432373640601
21,10,0.8984877641006346
21,10,0.9490259268082033
21,10,0.9105948446954086
21,10,0.92231817108146
21,10,0.9246892149185536
21,10,0.9121724597611833
21,10,0.8723716542619898
21,10,0.8955641182304328
21,10,0.9354355232958932
21,10,0.8970157887586214
21,10,0.9361095079974263
21,10,0.9187115647020146
21,10,0.9288252728790601
21,10,0.9498077861290555
21,10,0.9520761940025827
21,10,0.938988616243124
21,10,0.9564103256125182
21,10,0.925068927900394
21,10,0.9461288476756132
21,10,0.9156432373640601
21,10,0.9448680376688277
21,10,0.9188983906139297
21,10,0.9532072083213772
21,10,0.9336749406096483
21,10,0.9216797909565295
21,10,0.9205669648301674
21,10,0.9180027128192376
21,10,0.9422839082357974
21,10,0.932934241357203
21,10,0.9037153987895913
21,10,0.9589493156588196
21,10,0.9467684322237505
21,10,0.9131006391912566
21,10,0.9375074484096637
21,10,0.9249945656569868
21,10,0.9323398443551478
21,10,0.952879736591594
21,10,0.9151605135293097
21,10,0.9208926272074871
21,10,0.8984877641006346
21,10,0.9448680376688277
21,10,0.9012444893950478
21,10,0.9302941128261734
21,10,0.9196345644860218
21,10,0.9015586285456394
21,10,0.9268579882375627
21,10,0.9409723434915784
21,10,0.9251663697496705
21,10,0.9341175411478363
21,10,0.9413810279904691
21,10,0.8995018662898678
21,10,0.8918230504530229
21,10,0.9229722409216141
21,10,0.9354227393230041
21,10,0.9350408968366624
21,10,0.9247380265243682
21,10,0.930660197237005
21,10,0.9123709275337902
21,10,0.9284134400710421
21,10,0.9490259268082033
21,10,0.9188983906139297
21,10,0.9012444893950478
21,10,0.930448179209801
21,10,0.9347935565510773
21,10,0.9328511570663613
21,10,0.9287581150551073
21,10,0.8894505697276179
21,10,0.9091617976376984
21,10,0.9335411905401876
21,10,0.9201153864384737
21,10,0.9215742308846853
21,10,0.9204834155345708
21,10,0.9411885497463198
21,10,0.942436292041358
21,10,0.9350054721938554
21,10,0.9467671829048153
21,10,0.9501647448054282
21,10,0.9254255097639561
21,10,0.9646493893667248
21,10,0.9105948446954086
21,10,0.9532072083213772
21,10,0.9302941128261734
21,10,0.930448179209801
21,10,0.9474156425777522
21,10,0.9322266174203006
21,10,0.9288039721044447
21,10,0.9090131740142494
21,10,0.954439449327813
21,10,0.9287711287013058
21,10,0.9372831937575664
21,10,0.9024644199386177
21,10,0.8986927237797117
21,10,0.9493248761093379
21,10,0.9384092820368399
21,10,0.9471009994782347
21,10,0.9543979168547687
21,10,0.9295290266562247
21,10,0.9358382193755868
21,10,0.9484940222079843
21,10,0.92231817108146
21,10,0.9336749406096483
21,10,0.9196345644860218
21,10,0.9347935565510773
21,10,0.9474156425777522
21,10,0.9376803744097537
21,10,0.9419518053772434
21,10,0.8997603163787988
21,10,0.9353728373697345
21,10,0.9233181006317378
21,10,0.9306567699451789
21,10,0.8951373046838194
21,10,0.8869411483748865
21,10,0.9332325689240714
21,10,0.9328998131721349
21,10,0.9337383809537534
21,10,0.9244324193535459
21,10,0.9206295942673549
21,10,0.9172622987675815
21,10,0.9452535708217743
21,10,0.9246892149185536
21,10,0.9216797909565295
21,10,0.9015586285456394
21,10,0.9328511570663613
21,10,0.9322266174203006
21,10,0.9376803744097537
21,10,0.9239458065412982
21,10,0.8832693235328171
21,10,0.9325118493236142
21,10,0.9295272068685817
21,10,0.9273626811540342
21,10,0.9169447139385489
21,10,0.9110540513944458
21,10,0.932895477706788
21,10,0.947558460247771
21,10,0.92129613796678
21,10,0.9496402370381757
21,10,0.9241049843918565
21,10,0.9313468491049002
21,10,0.9351902263094869
21,10,0.9121724597611833
21,10,0.9205669648301674
21,10,0.9268579882375627
21,10,0.9287581150551073
21,10,0.9288039721044447
21,10,0.9419518053772434
21,10,0.9239458065412982
21,10,0.9019526535982213
21,10,0.9248711726944807
21,10,0.9135723001178385
21,10,0.8828484662079951
21,10,0.9351464972644551
21,10,0.931928955999021
21,10,0.8840886252572137
21,10,0.9054079528550216
21,10,0.8980725407461585
21,10,0.9082803316599805
21,10,0.9408078559647305
21,10,0.9088262714028399
21,10,0.9118538820941574
21,10,0.8723716542619898
21,10,0.9180027128192376
21,10,0.9409723434915784
21,10,0.8894505697276179
21,10,0.9090131740142494
21,10,0.8997603163787988
21,10,0.8832693235328171
21,10,0.9019526535982213
21,10,0.9170586014466745
21,10,0.9276015650796599
21,10,0.9023136991642219
21,10,0.9102516873527474
21,10,0.9285281836983644
21,10,0.9326394515151384
21,10,0.9277554970220331
21,10,0.9226788621657886
21,10,0.9429388473411497
21,10,0.9474978281618894
21,10,0.9218543917934803
21,10,0.946258855955999
21,10,0.8955641182304328
21,10,0.9422839082357974
21,10,0.9251663697496705
21,10,0.9091617976376984
21,10,0.954439449327813
21,10,0.9353728373697345
21,10,0.9325118493236142
21,10,0.9248711726944807
21,10,0.9170586014466745
21,20,0.9513588092730028
21,20,0.929121067586621
21,20,0.9514575160537282
21,20,0.9445366510282418
21,20,0.9226417734834528
21,20,0.9486034613527242
21,20,0.9498064869138607
21,20,0.9302121785838645
21,20,0.9459556678809664
21,20,0.9170322357345639
21,20,0.9048781853902101
21,20,0.9485282304517301
21,20,0.9336342251508996
21,20,0.9182452384641624
21,20,0.9194354773830165
21,20,0.9495529693977445
21,20,0.9257151287862533
21,20,0.9322423016492508
21,20,0.9175131588883867
21,20,0.9334892713576022
21,20,0.9513588092730028
21,20,0.940630831618768
21,20,0.9371380224300777
21,20,0.9497822779403498
21,20,0.936453355222838
21,20,0.942076567783576
21,20,0.9451659907221738
21,20,0.9384886786764489
21,20,0.9519526358381324
21,20,0.9299728854343456
21,20,0.9215033217690309
21,20,0.945828210069346
21,20,0.950121819241241
21,20,0.9305992020431346
21,20,0.9445653653663072
21,20,0.9424522709314521
21,20,0.9356322525018468
21,20,0.9479348134530353
21,20,0.9349961946439612
21,20,0.9364375034786857
21,20,0.929121067586621
21,20,0.940630831618768
21,20,0.9231590442397577
21,20,0.9427114620449435
21,20,0.9616929830503462
21,20,0.9401561322854282
21,20,0.9534364215545366
21,20,0.956293491993606
21,20,0.9561234623512481
21,20,0.9586221498884674
21,20,0.946184451934608
21,20,0.9583436889416947
21,20,0.9627131552286544
21,20,0.9465731357544355
21,20,0.9568223865594133
21,20,0.9248943549742573
21,20,0.9613415904138382
21,20,0.9600758639510824
21,20,0.9575763634615215
21,20,0.955149733776202
21,20,0.9514575160537282
21,20,0.9371380224300777
21,20,0.9231590442397577
21,20,0.9346569399163449
21,20,0.9218657261631732
21,20,0.9486278834837999
21,20,0.9371860796255279
21,20,0.9316909926031625
21,20,0.94454557797223
21,20,0.9117293805761609
21,20,0.9247908422260697
21,20,0.9414741217772449
21,20,0.9236063557426855
21,20,0.918438067702468
21,20,0.9097592322948145
21,20,0.9339344615313048
21,20,0.9217005014617852
21,20,0.9249634791760252
21,20,0.925868530862747
21,20,0.9339772076551206
21,20,0.9445366510282418
21,20,0.9497822779403498
21,20,0.9427114620449435
21,20,0.9346569399163449
21,20,0.9379639939033512
21,20,0.9534688220927569
21,20,0.9621932670860457
21,20,0.9350972687607862
21,20,0.9599988843607898
21,20,0.9418853309999327
21,20,0.9285143289361373
21,20,0.9624442858919912
21,20,0.9458063945485299
21,20,0.925500916827762
21,20,0.9337390337068162
21,20,0.9301702973758444
21,20,0.9376415016386899
21,20,0.9476764494032289
21,20,0.9311250466888688
21,20,0.955695739236116
21,20,0.9226417734834528
21,20,0.936453355222838
21,20,0.9616929830503462
21,20,0.9218657261631732
21,20,0.9379639939033512
21,20,0.9356742029095823
21,20,0.947432973807461
21,20,0.96178263787175
21,20,0.9455370366395686
21,20,0.9526905333095453
21,20,0.9427350677853168
21,20,0.952341957191393
21,20,0.9513392751382317
21,20,0.9688083581427517
21,20,0.9450697944695853
21,20,0.91595963333568
21,20,0.9856373268034666
21,20,0.9753509451106789
21,20,0.9695464223672663
21,20,0.9498698480960037
21,20,0.9486034613527242
21,20,0.942076567783576
21,20,0.9401561322854282
21,20,0.9486278834837999
21,20,0.9534688220927569
21,20,0.9356742029095823
21,20,0.9569290330637966
21,20,0.9330229886423832
21,20,0.9570665094981451
21,20,0.9300599843163698
21,20,0.9265160977005693
21,20,0.9575347380843915
21,20,0.9384048336474369
21,20,0.9221980421147262
21,20,0.9197734074792053
21,20,0.9210355742709521
21,20,0.9373132729870786
21,20,0.9359828499319521
21,20,0.9283485641666838
21,20,0.9391476900939263
21,20,0.9498064869138607
21,20,0.9451659907221738
21,20,0.9534364215545366
21,20,0.9371860796255279
21,20,0.9621932670860457
21,20,0.947432973807461
21,20,0.9569290330637966
21,20,0.9485486856567622
21,20,0.97320255560053
21,20,0.9411332653314182
21,20,0.9317845429229026
21,20,0.9647894312953942
21,20,0.9588728009795866
21,20,0.9370121617878888
21,20,0.9442970576901235
21,20,0.9199921709481624
21,20,0.9501302996455299
21,20,0.949490410510676
21,20,0.9486044090860483
21,20,0.9510534180453805
21,20,0.9302121785838645
21,20,0.9384886786764489
21,20,0.956293491993606
21,20,0.9316909926031625
21,20,0.9350972687607862
21,20,0.96178263787175
21,20,0.9330229886423832
21,20,0.9485486856567622
21,20,0.9536464217743064
21,20,0.9496339918789438
21,20,0.94959115090057
21,20,0.9555461485973837
21,20,0.9551697316126674
21,20,0.943545443474049
21,20,0.9516834228632006
21,20,0.9234283481846998
21,20,0.9640120804834711
21,20,0.9694536881881307
21,20,0.9645013684901679
21,20,0.9534060746593468
21,20,0.9459556678809664
21,20,0.9519526358381324
21,20,0.9561234623512481
21,20,0.94454557797223
21,20,0.9599988843607898
21,20,0.9455370366395686
21,20,0.9570665094981451
21,20,0.97320255560053
21,20,0.9536464217743064
21,20,0.9385314857697102
21,20,0.9380506978946865
21,20,0.9663494054663246
21,20,0.9636970423135625
21,20,0.9328233376911611
21,20,0.9494865845756474
21,20,0.9282904579434927
21,20,0.9488590465917692
21,20,0.951186429454204
21,20,0.955258536206968
21,20,0.9495126493677486
21,20,0.9170322357345639
21,20,0.9299728854343456
21,20,0.9586221498884674
21,20,0.9117293805761609
21,20,0.9418853309999327
21,20,0.9526905333095453
21,20,0.9300599843163698
21,20,0.9411332653314182
21,20,0.9496339918789438
21,20,0.9385314857697102
21,20,0.9338844515925857
21,20,0.9372387462200874
21,20,0.9364243220668447
21,20,0.9394100395518997
21,20,0.9386889593544578
21,20,0.9042888378158663
21,20,0.9492708232669949
21,20,0.9579843387493792
21,20,0.9468421784580834
21,20,0.9515604330828161
21,20,0.9048781853902101
21,20,0.9215033217690309
21,20,0.946184451934608
21,20,0.9247908422260697
21,20,0.9285143289361373
21,20,0.9427350677853168
21,20,0.9265160977005693
21,20,0.9317845429229026
21,20,0.94959115090057
21,20,0.9380506978946865
21,20,0.9338844515925857
21,20,0.9389634988012553
21,20,0.9498166108940715
21,20,0.9250713790149833
21,20,0.9362330263672806
21,20,0.9228570644351425
21,20,0.9482516929600053
21,20,0.9443732531157577
21,20,0.9441595265084173
21,20,0.9381016969252239
21,20,0.9485282304517301
21,20,0.945828210069346
21,20,0.9583436889416947
21,20,0.9414741217772449
21,20,0.9624442858919912
21,20,0.952341957191393
21,20,0.9575347380843915
21,20,0.9647894312953942
21,20,0.9555461485973837
21,20,0.9663494054663246
21,20,0.9372387462200874
21,20,0.9389634988012553
21,20,0.9587207848842814
21,20,0.9419968641218079
21,20,0.9463661351983778
21,20,0.938327151789091
21,20,0.9521937484743066
21,20,0.9616986908688069
21,20,0.9457585447904241
21,20,0.9526561673283022
21,20,0.9336342251508996
21,20,0.950121819241241
21,20,0.9627131552286544
21,20,0.9236063557426855
21,20,0.9458063945485299
21,20,0.9513392751382317
21,20,0.9384048336474369
21,20,0.9588728009795866
21,20,0.9551697316126674
21,20,0.9636970423135625
21,20,0.9364243220668447
21,20,0.9498166108940715
21,20,0.9587207848842814
21,20,0.9414887676175262
21,20,0.9649302618678813
21,20,0.9328283433751422
21,20,0.9527398271930894
21,20,0.9542989295648323
21,20,0.9537067099912212
21,20,0.9464982872717902
21,20,0.9182452384641624
21,20,0.9305992020431346
21,20,0.9465731357544355
21,20,0.918438067702468
21,20,0.925500916827762
21,20,0.9688083581427517
21,20,0.9221980421147262
21,20,0.9370121617878888
21,20,0.943545443474049
21,20,0.9328233376911611
21,20,0.9394100395518997
21,20,0.9250713790149833
21,20,0.9419968641218079
21,20,0.9414887676175262
21,20,0.9342873117156533
21,20,0.9098030965934066
21,20,0.9623297333998071
21,20,0.9596984909404436
21,20,0.9484886672638444
21,20,0.9363753720001353
21,20,0.9194354773830165
21,20,0.9445653653663072
21,20,0.9568223865594133
21,20,0.9097592322948145
21,20,0.9337390337068162
21,20,0.9450697944695853
21,20,0.9197734074792053
21,20,0.9442970576901235
21,20,0.9516834228632006
21,20,0.9494865845756474
21,20,0.9386889593544578
21,20,0.9362330263672806
21,20,0.9463661351983778
21,20,0.9649302618678813
21,20,0.9342873117156533
21,20,0.9176834524523667
21,20,0.9471581107397543
21,20,0.9564266090360997
21,20,0.9621437916887946
21,20,0.9345984300585676
21,20,0.9495529693977445
21,20,0.9424522709314521
21,20,0.9248943549742573
21,20,0.9339344615313048
21,20,0.9301702973758444
21,20,0.91595963333568
21,20,0.9210355742709521
21,20,0.9199921709481624
21,20,0.9234283481846998
21,20,0.9282904579434927
21,20,0.9042888378158663
21,20,0.9228570644351425
21,20,0.938327151789091
21,20,0.9328283433751422
21,20,0.9098030965934066
21,20,0.9176834524523667
21,20,0.9179383814084916
21,20,0.9257532776705898
21,20,0.9195597488760434
21,20,0.9347191722143151
21,20,0.9257151287862533
21,20,0.9356322525018468
21,20,0.9613415904138382
21,20,0.9217005014617852
21,20,0.9376415016386899
21,20,0.9856373268034666
21,20,0.9373132729870786
21,20,0.9501302996455299
21,20,0.9640120804834711
21,20,0.9488590465917692
21,20,0.9492708232669949
21,20,0.9482516929600053
21,20,0.9521937484743066
21,20,0.9527398271930894
21,20,0.9623297333998071
21,20,0.9471581107397543
21,20,0.9179383814084916
21,20,0.9723862721450778
21,20,0.9694408438164234
21,20,0.9476916709107035
21,20,0.9322423016492508
21,20,0.9479348134530353
21,20,0.9600758639510824
21,20,0.9249634791760252
21,20,0.9476764494032289
21,20,0.9753509451106789
21,20,0.9359828499319521
21,20,0.949490410510676
21,20,0.9694536881881307
21,20,0.951186429454204
21,20,0.9579843387493792
21,20,0.9443732531157577
21,20,0.9616986908688069
21,20,0.9542989295648323
21,20,0.9596984909404436
21,20,0.9564266090360997
21,20,0.9257532776705898
21,20,0.9723862721450778
21,20,0.9673803427910013
21,20,0.9531006826441845
21,20,0.9175131588883867
21,20,0.9349961946439612
21,20,0.9575763634615215
21,20,0.925868530862747
21,20,0.9311250466888688
21,20,0.9695464223672663
21,20,0.9283485641666838
21,20,0.9486044090860483
21,20,0.9645013684901679
21,20,0.955258536206968
21,20,0.9468421784580834
21,20,0.9441595265084173
21,20,0.9457585447904241
21,20,0.9537067099912212
21,20,0.9484886672638444
21,20,0.9621437916887946
21,20,0.9195597488760434
21,20,0.9694408438164234
21,20,0.9673803427910013
21,20,0.9492866785789809
21,20,0.9334892713576022
21,20,0.9364375034786857
21,20,0.955149733776202
21,20,0.9339772076551206
21,20,0.955695739236116
21,20,0.9498698480960037
21,20,0.9391476900939263
21,20,0.9510534180453805
21,20,0.9534060746593468
21,20,0.9495126493677486
21,20,0.9515604330828161
21,20,0.9381016969252239
21,20,0.9526561673283022
21,20,0.9464982872717902
21,20,0.9363753720001353
21,20,0.9345984300585676
21,20,0.9347191722143151
21,20,0.9476916709107035
21,20,0.9531006826441845
21,20,0.9492866785789809
21,50,0.9740456825301086
21,50,0.9493241516057074
21,50,0.944894592214758
21,50,0.9499301090295547
21,50,0.9390639804760884
21,50,0.9617454236277518
21,50,0.952231812182901
21,50,0.9375345163316078
21,50,0.9540871132461525
21,50,0.9478795421573659
21,50,0.9672659287841261
21,50,0.9467084300336466
21,50,0.9558955937219025
21,50,0.9632323110310596
21,50,0.9411972423726234
21,50,0.9462679448417198
21,50,0.9572798460012673
21,50,0.9545480495338625
21,50,0.9588640510712716
21,50,0.9384362325523543
21,50,0.9740456825301086
21,50,0.9653423378825109
21,50,0.9582163731812754
21,50,0.9668249511798872
21,50,0.9462083166981332
21,50,0.9685059749899254
21,50,0.9639070389781227
21,50,0.9475441991079012
21,50,0.9652672337881171
21,50,0.9640561571303015
21,50,0.9867034977138959
21,50,0.9582616619572238
21,50,0.9494194937411709
21,50,0.9613377331391751
21,50,0.9535124584983828
21,50,0.9623586813568616
21,50,0.96198324142947
21,50,0.9725784464773649
21,50,0.9528890008574981
21,50,0.9586003893471583
21,50,0.9493241516057074
21,50,0.9653423378825109
21,50,0.976099351204351
21,50,0.9888735019868397
21,50,0.9748157139043951
21,50,0.9784020339456792
21,50,0.9681284296580739
21,50,0.9595915606222121
21,50,0.9725331728717636
21,50,0.9821919772044008
21,50,0.9651483969737262
21,50,0.9612919194226158
21,50,0.9465369500497918
21,50,0.9655260856529511
21,50,0.9632136797270149
21,50,0.983264639084324
21,50,0.9653272366735639
21,50,0.9441401327803598
21,50,0.9482777950335146
21,50,0.9772314505608338
21,50,0.944894592214758
21,50,0.9582163731812754
21,50,0.976099351204351
21,50,0.9753215612603282
21,50,0.955547852221247
21,50,0.9699615632058638
21,50,0.9711769300076735
21,50,0.9630683297796402
21,50,0.9634793732518948
21,50,0.9732661660738914
21,50,0.9554742064550089
21,50,0.9782265196926577
21,50,0.9536607973927892
21,50,0.9568342170127818
21,50,0.9666544848339428
21,50,0.9666904561934005
21,50,0.9592193622262422
21,50,0.9444897986839298
21,50,0.9410474348934603
21,50,0.9699441198306141
21,50,0.9499301090295547
21,50,0.9668249511798872
21,50,0.9888735019868397
21,50,0.9753215612603282
21,50,0.9705218909916112
21,50,0.977308275716437
21,50,0.9684894617270623
21,50,0.9657424961771364
21,50,0.9765735764573387
21,50,0.9886286360366735
21,50,0.9671426209292634
21,50,0.9620180729676451
21,50,0.9518675071090266
21,50,0.9672442773865783
21,50,0.9689331817060497
21,50,0.9817459061677972
21,50,0.9698622305322546
21,50,0.9428574857762572
21,50,0.9553040415482436
21,50,0.9764900131714748
21,50,0.9390639804760884
21,50,0.9462083166981332
21,50,0.9748157139043951
21,50,0.955547852221247
21,50,0.9705218909916112
21,50,0.9676106264810429
21,50,0.9523474021918147
21,50,0.9435588995374099
21,50,0.9641278741799699
21,50,0.9638539437501502
21,50,0.9438072535048784
21,50,0.9412724329286475
21,50,0.9273090576966482
21,50,0.9546000193001218
21,50,0.9501788983552251
21,50,0.9637809436473626
21,50,0.9491100257087063
21,50,0.922452889388803
21,50,0.9398509827686455
21,50,0.9607423903729402
21,50,0.9617454236277518
21,50,0.9685059749899254
21,50,0.9784020339456792
21,50,0.9699615632058638
21,50,0.977308275716437
21,50,0.9676106264810429
21,50,0.9760133639296104
21,50,0.9623679706086499
21,50,0.9828619686730818
21,50,0.9753478177344517
21,50,0.9657582558200343
21,50,0.9594953773407782
21,50,0.9526801651246743
21,50,0.9814909661304022
21,50,0.9735110936832213
21,50,0.9758188634467306
21,50,0.969898066094421
21,50,0.9536296868905002
21,50,0.9633189345032801
21,50,0.974625832013463
21,50,0.952231812182901
21,50,0.9639070389781227
21,50,0.9681284296580739
21,50,0.9711769300076735
21,50,0.9684894617270623
21,50,0.9523474021918147
21,50,0.9760133639296104
21,50,0.945585701077475
21,50,0.9701436584609928
21,50,0.9689805948725615
21,50,0.9598901303889902
21,50,0.967475095320082
21,50,0.9534793728514822
21,50,0.964445257909073
21,50,0.9635243497584571
21,50,0.9628744634789048
21,50,0.9538984161792123
21,50,0.9427273105117964
21,50,0.9452379752582107
21,50,0.9590692068624066
21,50,0.9375345163316078
21,50,0.9475441991079012
21,50,0.9595915606222121
21,50,0.9630683297796402
21,50,0.9657424961771364
21,50,0.9435588995374099
21,50,0.9623679706086499
21,50,0.945585701077475
21,50,0.95544344579924545
21,50,0.9630830058832256
21,50,0.9477141359479636
21,50,0.9597938499197057
21,50,0.9451636805197123
21,50,0.9591376342136813
21,50,0.9602197642492176
21,50,0.9549858294258663
21,50,0.9676385358959229
21,50,0.9518718993981613
21,50,0.9480353487827514
21,50,0.9699099044720293
21,50,0.9540871132461525
21,50,0.9652672337881171
21,50,0.9725331728717636
21,50,0.9634793732518948
21,50,0.9765735764573387
21,50,0.9641278741799699
21,50,0.9828619686730818
21,50,0.9701436584609928
21,50,0.95544344579924545
21,50,0.9713954992918283
21,50,0.9566217947507425
21,50,0.957196683856127
21,50,0.9494986199188366
21,50,0.9727137013015462
21,50,0.9738292121736113
21,50,0.9692532967751074
21,50,0.962387549696617
21,50,0.9454497862280528
21,50,0.9528156919707889
21,50,0.9690558073775715
21,50,0.9478795421573659
21,50,0.9640561571303015
21,50,0.9821919772044008
21,50,0.9732661660738914
21,50,0.9886286360366735
21,50,0.9638539437501502
21,50,0.9753478177344517
21,50,0.9689805948725615
21,50,0.9630830058832256
21,50,0.9713954992918283
21,50,0.9706464186551568
21,50,0.9624903133393827
21,50,0.9499251032496537
21,50,0.9710747570293533
21,50,0.9691553630324421
21,50,0.9747798273668564
21,50,0.9686073210277966
21,50,0.9515637252927105
21,50,0.9527192984941428
21,50,0.9698947992151634
21,50,0.9672659287841261
21,50,0.9867034977138959
21,50,0.9651483969737262
21,50,0.9554742064550089
21,50,0.9671426209292634
21,50,0.9438072535048784
21,50,0.9657582558200343
21,50,0.9598901303889902
21,50,0.9477141359479636
21,50,0.9566217947507425
21,50,0.9706464186551568
21,50,0.9518974306546745
21,50,0.955065126308195
21,50,0.9666731501363748
21,50,0.9553515127125147
21,50,0.9656464604756223
21,50,0.9665975396031298
21,50,0.9684202899840906
21,50,0.9513457457436685
21,50,0.9622949696768694
21,50,0.9467084300336466
21,50,0.9582616619572238
21,50,0.9612919194226158
21,50,0.9782265196926577
21,50,0.9620180729676451
21,50,0.9412724329286475
21,50,0.9594953773407782
21,50,0.967475095320082
21,50,0.9597938499197057
21,50,0.957196683856127
21,50,0.9624903133393827
21,50,0.9518974306546745
21,50,0.9578602015824287
21,50,0.9596820197469547
21,50,0.9569958829116143
21,50,0.9532322881835319
21,50,0.9602512386262707
21,50,0.9487055828661005
21,50,0.9355785015150093
21,50,0.9589404718904567
21,50,0.9558955937219025
21,50,0.9494194937411709
21,50,0.9465369500497918
21,50,0.9536607973927892
21,50,0.9518675071090266
21,50,0.9273090576966482
21,50,0.9526801651246743
21,50,0.9534793728514822
21,50,0.9451636805197123
21,50,0.9494986199188366
21,50,0.9499251032496537
21,50,0.955065126308195
21,50,0.9578602015824287
21,50,0.9618584605421325
21,50,0.9542097891764668
21,50,0.9589145000163459
21,50,0.9699438954004196
21,50,0.9357658321075297
21,50,0.9466043352700857
21,50,0.949265076332392
21,50,0.9632323110310596
21,50,0.9613377331391751
21,50,0.9655260856529511
21,50,0.9568342170127818
21,50,0.9672442773865783
21,50,0.9546000193001218
21,50,0.9814909661304022
21,50,0.964445257909073
21,50,0.9591376342136813
21,50,0.9727137013015462
21,50,0.9710747570293533
21,50,0.9666731501363748
21,50,0.9596820197469547
21,50,0.9618584605421325
21,50,0.9683766755518642
21,50,0.9643886722878879
21,50,0.9770634269243107
21,50,0.948188104559506
21,50,0.9581645859627693
21,50,0.9633725760961991
21,50,0.9411972423726234
21,50,0.9535124584983828
21,50,0.9632136797270149
21,50,0.9666544848339428
21,50,0.9689331817060497
21,50,0.9501788983552251
21,50,0.9735110936832213
21,50,0.9635243497584571
21,50,0.9602197642492176
21,50,0.9738292121736113
21,50,0.9691553630324421
21,50,0.9553515127125147
21,50,0.9569958829116143
21,50,0.9542097891764668
21,50,0.9683766755518642
21,50,0.9725128919987965
21,50,0.9611508001188097
21,50,0.946641250520624
21,50,0.9444865785601971
21,50,0.9752597322525222
21,50,0.9462679448417198
21,50,0.9623586813568616
21,50,0.983264639084324
21,50,0.9666904561934005
21,50,0.9817459061677972
21,50,0.9637809436473626
21,50,0.9758188634467306
21,50,0.9628744634789048
21,50,0.9549858294258663
21,50,0.9692532967751074
21,50,0.9747798273668564
21,50,0.9656464604756223
21,50,0.9532322881835319
21,50,0.9589145000163459
21,50,0.9643886722878879
21,50,0.9725128919987965
21,50,0.9623432786801811
21,50,0.9393734442680329
21,50,0.9427463626205369
21,50,0.9763425240854858
21,50,0.9572798460012673
21,50,0.96198324142947
21,50,0.9653272366735639
21,50,0.9592193622262422
21,50,0.9698622305322546
21,50,0.9491100257087063
21,50,0.969898066094421
21,50,0.9538984161792123
21,50,0.9676385358959229
21,50,0.962387549696617
21,50,0.9686073210277966
21,50,0.9665975396031298
21,50,0.9602512386262707
21,50,0.9699438954004196
21,50,0.9770634269243107
21,50,0.9611508001188097
21,50,0.9623432786801811
21,50,0.9494904068304523
21,50,0.957689455272969
21,50,0.9664454465815864
21,50,0.9545480495338625
21,50,0.9725784464773649
21,50,0.9441401327803598
21,50,0.9444897986839298
21,50,0.9428574857762572
21,50,0.922452889388803
21,50,0.9536296868905002
21,50,0.9427273105117964
21,50,0.9518718993981613
21,50,0.9454497862280528
21,50,0.9515637252927105
21,50,0.9684202899840906
21,50,0.9487055828661005
21,50,0.9357658321075297
21,50,0.948188104559506
21,50,0.946641250520624
21,50,0.9393734442680329
21,50,0.9494904068304523
21,50,0.9399663667714762
21,50,0.9523217364563648
21,50,0.9588640510712716
21,50,0.9528890008574981
21,50,0.9482777950335146
21,50,0.9410474348934603
21,50,0.9553040415482436
21,50,0.9398509827686455
21,50,0.9633189345032801
21,50,0.9452379752582107
21,50,0.9480353487827514
21,50,0.9528156919707889
21,50,0.9527192984941428
21,50,0.9513457457436685
21,50,0.9355785015150093
21,50,0.9466043352700857
21,50,0.9581645859627693
21,50,0.9444865785601971
21,50,0.9427463626205369
21,50,0.957689455272969
21,50,0.9399663667714762
21,50,0.944502198520688
21,50,0.9384362325523543
21,50,0.9586003893471583
21,50,0.9772314505608338
21,50,0.9699441198306141
21,50,0.9764900131714748
21,50,0.9607423903729402
21,50,0.974625832013463
21,50,0.9590692068624066
21,50,0.9699099044720293
21,50,0.9690558073775715
21,50,0.9698947992151634
21,50,0.9622949696768694
21,50,0.9589404718904567
21,50,0.949265076332392
21,50,0.9633725760961991
21,50,0.9752597322525222
21,50,0.9763425240854858
21,50,0.9664454465815864
21,50,0.9523217364563648
21,50,0.944502198520688
21,100,0.964066377643259
21,100,0.9799117639718684
21,100,0.9885192472304235
21,100,0.9478411370533327
21,100,0.9747820615581683
21,100,0.963638731634864
21,100,0.9829229172702816
21,100,0.949146703074223
21,100,0.9819303830812919
21,100,0.9669927531472917
21,100,0.9315822073520353
21,100,0.9390632574756207
21,100,0.9596535114160897
21,100,0.9839974915211324
21,100,0.982608682046715
21,100,0.957622659104034
21,100,0.9651599158614185
21,100,0.9721182324056165
21,100,0.9360467975046102
21,100,0.9391738930532506
21,100,0.964066377643259
21,100,0.9625517189667282
21,100,0.9657803487048243
21,100,0.95744472336349
21,100,0.9624773630407784
21,100,0.9729798834371385
21,100,0.9556781453929599
21,100,0.9593347695784796
21,100,0.9640728420399453
21,100,0.9802372377495218
21,100,0.9519047542050229
21,100,0.9571043458676135
21,100,0.9683582999007672
21,100,0.9554004300772967
21,100,0.9550452885400261
21,100,0.9772877717773162
21,100,0.965968251843979
21,100,0.9665268258643148
21,100,0.9600783352777038
21,100,0.9538867063587295
21,100,0.9799117639718684
21,100,0.9625517189667282
21,100,0.9822408458611818
21,100,0.9495109987013023
21,100,0.9862396244276683
21,100,0.9698289963367417
21,100,0.984696429482977
21,100,0.9487311659792849
21,100,0.9900658606816037
21,100,0.9663009332505414
21,100,0.9368892595003699
21,100,0.9402602149627995
21,100,0.96108958021811
21,100,0.9849596909187074
21,100,0.9830492656568286
21,100,0.9571608422514644
21,100,0.9569280483278174
21,100,0.98299663873048
21,100,0.9371520803956449
21,100,0.9342454950393133
21,100,0.9885192472304235
21,100,0.9657803487048243
21,100,0.9822408458611818
21,100,0.9524089152487452
21,100,0.9804692225864109
21,100,0.970622515500623
21,100,0.9822345728343438
21,100,0.9522782148709494
21,100,0.9892127024668222
21,100,0.9724767577497043
21,100,0.9391254841043299
21,100,0.9428627218916257
21,100,0.96402052909971
21,100,0.9868952649320014
21,100,0.9792217376663452
21,100,0.9613779972235779
21,100,0.9730228216442957
21,100,0.9807863579072877
21,100,0.9417770141857742
21,100,0.9413701844396047
21,100,0.9478411370533327
21,100,0.95744472336349
21,100,0.9495109987013023
21,100,0.9524089152487452
21,100,0.9556165242143183
21,100,0.955178021402776
21,100,0.9418149258680797
21,100,0.984610906372382
21,100,0.9507317835351482
21,100,0.9542701852344901
21,100,0.9820525263613021
21,100,0.9768347007633118
21,100,0.9865721385196429
21,100,0.9410441113388016
21,100,0.9434496845513708
21,100,0.9673757409657592
21,100,0.9625943735635394
21,100,0.9406535705735888
21,100,0.9668727464782854
21,100,0.9751807202468507
21,100,0.9747820615581683
21,100,0.9624773630407784
21,100,0.9862396244276683
21,100,0.9804692225864109
21,100,0.9556165242143183
21,100,0.9747835686847907
21,100,0.9804983715629035
21,100,0.9521571307664333
21,100,0.9879436992719284
21,100,0.9686571494019133
21,100,0.9428771375399879
21,100,0.9412219376643438
21,100,0.9623517001086119
21,100,0.9778527046586277
21,100,0.9816065359725875
21,100,0.9597437468547503
21,100,0.9573260075333814
21,100,0.9797663859000797
21,100,0.9345885439285931
21,100,0.9347468967934344
21,100,0.963638731634864
21,100,0.9729798834371385
21,100,0.9698289963367417
21,100,0.970622515500623
21,100,0.955178021402776
21,100,0.9747835686847907
21,100,0.9689615477557165
21,100,0.9581207324996316
21,100,0.9780157831443204
21,100,0.9649936407874601
21,100,0.9565652706199499
21,100,0.9371690786776565
21,100,0.9573978400026298
21,100,0.968034425638477
21,100,0.9628209696139538
21,100,0.9730448637594087
21,100,0.9579553248217197
21,100,0.9789437961653982
21,100,0.9357455069489141
21,100,0.952587136010255
21,100,0.9829229172702816
21,100,0.9556781453929599
21,100,0.984696429482977
21,100,0.9822345728343438
21,100,0.9418149258680797
21,100,0.9804983715629035
21,100,0.9689615477557165
21,100,0.9443033341269486
21,100,0.9848877336294459
21,100,0.9604750301086243
21,100,0.9284275461670987
21,100,0.9323280372527372
21,100,0.9525503438265209
21,100,0.9907124476598059
21,100,0.9906156934628626
21,100,0.9499296439640462
21,100,0.9576662840720487
21,100,0.9760330625762607
21,100,0.9290605195718318
21,100,0.9296427679313681
21,100,0.949146703074223
21,100,0.9593347695784796
21,100,0.9487311659792849
21,100,0.9522782148709494
21,100,0.984610906372382
21,100,0.9521571307664333
21,100,0.9581207324996316
21,100,0.9443033341269486
21,100,0.9513984903738694
21,100,0.9589235902226334
21,100,0.9721162074500858
21,100,0.9664427039949526
21,100,0.980226264781963
21,100,0.9416760018062447
21,100,0.9419045578638137
21,100,0.9667950143154103
21,100,0.9569940066325945
21,100,0.9412697852990812
21,100,0.9615654734245429
21,100,0.9710887327924318
21,100,0.9819303830812919
21,100,0.9640728420399453
21,100,0.9900658606816037
21,100,0.9892127024668222
21,100,0.9507317835351482
21,100,0.9879436992719284
21,100,0.9780157831443204
21,100,0.9848877336294459
21,100,0.9513984903738694
21,100,0.971579695316529
21,100,0.9408491191568114
21,100,0.9411949786963315
21,100,0.9623242803500348
21,100,0.9898657698443087
21,100,0.982169145649072
21,100,0.9576433140568029
21,100,0.9637256281115765
21,100,0.9857699470035556
21,100,0.9373311345765112
21,100,0.9404996213295966
21,100,0.9669927531472917
21,100,0.9802372377495218
21,100,0.9663009332505414
21,100,0.9724767577497043
21,100,0.9542701852344901
21,100,0.9686571494019133
21,100,0.9649936407874601
21,100,0.9604750301086243
21,100,0.9589235902226334
21,100,0.971579695316529
21,100,0.9410152734480624
21,100,0.9553128058229162
21,100,0.9659030150491031
21,100,0.9616655923445839
21,100,0.9586001664025735
21,100,0.9658010030559917
21,100,0.966482100802172
21,100,0.9666444161873814
21,100,0.9530560904279549
21,100,0.9501682754649465
21,100,0.9315822073520353
21,100,0.9519047542050229
21,100,0.9368892595003699
21,100,0.9391254841043299
21,100,0.9820525263613021
21,100,0.9428771375399879
21,100,0.9565652706199499
21,100,0.9284275461670987
21,100,0.9721162074500858
21,100,0.9408491191568114
21,100,0.9410152734480624
21,100,0.9645064260404247
21,100,0.9694578216149896
21,100,0.9312273243341372
21,100,0.9314353416408819
21,100,0.9669568254284567
21,100,0.9476486391395947
21,100,0.9391675236227853
21,100,0.9612189964910979
21,100,0.979674354071879
21,100,0.9390632574756207
21,100,0.9571043458676135
21,100,0.9402602149627995
21,100,0.9428627218916257
21,100,0.9768347007633118
21,100,0.9412219376643438
21,100,0.9371690786776565
21,100,0.9323280372527372
21,100,0.9664427039949526
21,100,0.9411949786963315
21,100,0.9553128058229162
21,100,0.9645064260404247
21,100,0.976834700763312
21,100,0.9315615377133064
21,100,0.9298659510322501
21,100,0.9451358146003408
21,100,0.9524816129823994
21,100,0.931248190871243
21,100,0.9718720743291585
21,100,0.9624599519026961
21,100,0.9596535114160897
21,100,0.9683582999007672
21,100,0.96108958021811
21,100,0.96402052909971
21,100,0.9865721385196429
21,100,0.9623517001086119
21,100,0.9573978400026298
21,100,0.9525503438265209
21,100,0.980226264781963
21,100,0.9623242803500348
21,100,0.9659030150491031
21,100,0.9694578216149896
21,100,0.976834700763312
21,100,0.9539530148082109
21,100,0.9500461749083815
21,100,0.9662484297575059
21,100,0.9730483903659319
21,100,0.9521311893742872
21,100,0.9676125256015701
21,100,0.9676593249846082
21,100,0.9839974915211324
21,100,0.9554004300772967
21,100,0.9849596909187074
21,100,0.9868952649320014
21,100,0.9410441113388016
21,100,0.9778527046586277
21,100,0.968034425638477
21,100,0.9907124476598059
21,100,0.9416760018062447
21,100,0.9898657698443087
21,100,0.9616655923445839
21,100,0.9312273243341372
21,100,0.9315615377133064
21,100,0.9539530148082109
21,100,0.9887626053118755
21,100,0.9521093048316374
21,100,0.961466120002348
21,100,0.9785954552758752
21,100,0.9305209348814731
21,100,0.9318684482205868
21,100,0.982608682046715
21,100,0.9550452885400261
21,100,0.9830492656568286
21,100,0.9792217376663452
21,100,0.9434496845513708
21,100,0.9816065359725875
21,100,0.9628209696139538
21,100,0.9906156934628626
21,100,0.9419045578638137
21,100,0.982169145649072
21,100,0.9586001664025735
21,100,0.9314353416408819
21,100,0.9298659510322501
21,100,0.9500461749083815
21,100,0.9887626053118755
21,100,0.9539734111070999
21,100,0.954910064003474
21,100,0.9729330591454216
21,100,0.9276259781384774
21,100,0.927476623113385
21,100,0.957622659104034
21,100,0.9772877717773162
21,100,0.9571608422514644
21,100,0.9613779972235779
21,100,0.9673757409657592
21,100,0.9597437468547503
21,100,0.9730448637594087
21,100,0.9499296439640462
21,100,0.9667950143154103
21,100,0.9576433140568029
21,100,0.9658010030559917
21,100,0.9669568254284567
21,100,0.9451358146003408
21,100,0.9662484297575059
21,100,0.9521093048316374
21,100,0.9539734111070999
21,100,0.9632258385644258
21,100,0.9629930345567076
21,100,0.9504527280176707
21,100,0.9639193507851619
21,100,0.9651599158614185
21,100,0.965968251843979
21,100,0.9569280483278174
21,100,0.9730228216442957
21,100,0.9625943735635394
21,100,0.9573260075333814
21,100,0.9579553248217197
21,100,0.9576662840720487
21,100,0.9569940066325945
21,100,0.9637256281115765
21,100,0.966482100802172
21,100,0.9476486391395947
21,100,0.9524816129823994
21,100,0.9730483903659319
21,100,0.961466120002348
21,100,0.954910064003474
21,100,0.9632258385644258
21,100,0.9554947336345696
21,100,0.9506177355860452
21,100,0.9505658802530756
21,100,0.9721182324056165
21,100,0.9665268258643148
21,100,0.98299663873048
21,100,0.9807863579072877
21,100,0.9406535705735888
21,100,0.9797663859000797
21,100,0.9789437961653982
21,100,0.9760330625762607
21,100,0.9412697852990812
21,100,0.9857699470035556
21,100,0.9666444161873814
21,100,0.9391675236227853
21,100,0.931248190871243
21,100,0.9521311893742872
21,100,0.9785954552758752
21,100,0.9729330591454216
21,100,0.9629930345567076
21,100,0.9554947336345696
21,100,0.936555024769696
21,100,0.9427990775278728
21,100,0.9360467975046102
21,100,0.9600783352777038
21,100,0.9371520803956449
21,100,0.9417770141857742
21,100,0.9668727464782854
21,100,0.9345885439285931
21,100,0.9357455069489141
21,100,0.9290605195718318
21,100,0.9615654734245429
21,100,0.9373311345765112
21,100,0.9530560904279549
21,100,0.9612189964910979
21,100,0.9718720743291585
21,100,0.9676125256015701
21,100,0.9305209348814731
21,100,0.9276259781384774
21,100,0.9504527280176707
21,100,0.9506177355860452
21,100,0.936555024769696
21,100,0.965358532740173
21,100,0.9391738930532506
21,100,0.9538867063587295
21,100,0.9342454950393133
21,100,0.9413701844396047
21,100,0.9751807202468507
21,100,0.9347468967934344
21,100,0.952587136010255
21,100,0.9296427679313681
21,100,0.9710887327924318
21,100,0.9404996213295966
21,100,0.9501682754649465
21,100,0.979674354071879
21,100,0.9624599519026961
21,100,0.9676593249846082
21,100,0.9318684482205868
21,100,0.927476623113385
21,100,0.9639193507851619
21,100,0.9505658802530756
21,100,0.9427990775278728
21,100,0.965358532740173
21,200,0.9721132625663258
21,200,0.967582483061517
21,200,0.9791150450747378
21,200,0.9670149744608864
21,200,0.9821995173505322
21,200,0.9596786023916662
21,200,0.9678259911175349
21,200,0.9769902155678133
21,200,0.9645370855888732
21,200,0.9775864484225668
21,200,0.9826827383913662
21,200,0.9691769717874229
21,200,0.9758727117844884
21,200,0.9875091627788746
21,200,0.9876716404141695
21,200,0.9694320718483722
21,200,0.9607129719181866
21,200,0.9555581013510617
21,200,0.9875091627788746
21,200,0.9860981788684314
21,200,0.9721132625663258
21,200,0.9719832206528928
21,200,0.9767420827080389
21,200,0.9634292824680083
21,200,0.9836045615454057
21,200,0.9564134653781542
21,200,0.9795911031416741
21,200,0.9915752960415858
21,200,0.9815983761537294
21,200,0.9889829084779196
21,200,0.9858585356816664
21,200,0.9608809248598227
21,200,0.9857436693364277
21,200,0.9817854149576211
21,200,0.9809941994400153
21,200,0.9798859028077594
21,200,0.957383207330853
21,200,0.9394657125017
21,200,0.9817854149576211
21,200,0.9655216824944169
21,200,0.967582483061517
21,200,0.9719832206528928
21,200,0.9706526295875991
21,200,0.9712740734089315
21,200,0.9692752549824126
21,200,0.9737955306510188
21,200,0.9717029582232282
21,200,0.9750767909166423
21,200,0.9661848579368826
21,200,0.9750767909166423
21,200,0.9750616135721754
21,200,0.9812975646287595
21,200,0.9730586116067217
21,200,0.9749684517161324
21,200,0.976966962395099
21,200,0.9717775886735674
21,200,0.9757804423124105
21,200,0.9591252340157627
21,200,0.9749684517161324
21,200,0.9656413233095227
21,200,0.9791150450747378
21,200,0.9767420827080389
21,200,0.9706526295875991
21,200,0.965726277256368
21,200,0.9875340218960565
21,200,0.95009000088249
21,200,0.9797481625755011
21,200,0.9810922078560773
21,200,0.975256807970046
21,200,0.9816936992764148
21,200,0.9868803557090203
21,200,0.9735288203615632
21,200,0.9881379302351289
21,200,0.9875450522564121
21,200,0.9851212963056376
21,200,0.9846769893448047
21,200,0.95311162053182
21,200,0.9494411031347472
21,200,0.9875450522564121
21,200,0.972638642527937
21,200,0.9670149744608864
21,200,0.9634292824680083
21,200,0.9712740734089315
21,200,0.965726277256368
21,200,0.9642494872370498
21,200,0.9791473777753192
21,200,0.9496698280996523
21,200,0.964221683517984
21,200,0.9490718225486833
21,200,0.9648078208999334
21,200,0.9738197948983064
21,200,0.9898431627302974
21,200,0.9642735098280039
21,200,0.9717109563921
21,200,0.9665155482357581
21,200,0.9579416755345872
21,200,0.9800756676820318
21,200,0.9717137334661679
21,200,0.9717109563921
21,200,0.9625467178079435
21,200,0.9821995173505322
21,200,0.9836045615454057
21,200,0.9692752549824126
21,200,0.9875340218960565
21,200,0.9642494872370498
21,200,0.9531185728470278
21,200,0.9790417883617718
21,200,0.9873622385742387
21,200,0.9742186368410164
21,200,0.985960850470531
21,200,0.9894450719484437
21,200,0.9683371416761927
21,200,0.9901750267219335
21,200,0.9916010851240287
21,200,0.9908291175448941
21,200,0.9791740386468397
21,200,0.9561399883293118
21,200,0.9518528657492317
21,200,0.9916010851240287
21,200,0.978282193044436
21,200,0.9596786023916662
21,200,0.9564134653781542
21,200,0.9737955306510188
21,200,0.95009000088249
21,200,0.9791473777753192
21,200,0.9531185728470278
21,200,0.9491911031743112
21,200,0.9641757135096974
21,200,0.9431844370810593
21,200,0.9641757135096974
21,200,0.9594367590688747
21,200,0.9742428086468861
21,200,0.9499078555044902
21,200,0.9613276018357553
21,200,0.9606355478981963
21,200,0.9513252679579328
21,200,0.9843359561729207
21,200,0.9656933063211851
21,200,0.9613276018357553
21,200,0.9602147641682884
21,200,0.9678259911175349
21,200,0.9795911031416741
21,200,0.9717029582232282
21,200,0.9797481625755011
21,200,0.9496698280996523
21,200,0.9790417883617718
21,200,0.9491911031743112
21,200,0.9809687758165591
21,200,0.9751943805817842
21,200,0.9783979050145513
21,200,0.9727207178041188
21,200,0.9581200259785791
21,200,0.9789240433266746
21,200,0.9741608681980134
21,200,0.9737581981718368
21,200,0.9896788023906323
21,200,0.961513321233059
21,200,0.949640458418864
21,200,0.9741608681980134
21,200,0.963309861906459
21,200,0.9769902155678133
21,200,0.9915752960415858
21,200,0.9750767909166423
21,200,0.9810922078560773
21,200,0.964221683517984
21,200,0.9873622385742387
21,200,0.9641757135096974
21,200,0.9809687758165591
21,200,0.9776842103233494
21,200,0.9973779638713388
21,200,0.9875925599881322
21,200,0.9662000518443894
21,200,0.9840500739220187
21,200,0.9894327813725794
21,200,0.9860534437714824
21,200,0.9845394642387928
21,200,0.9648075657405227
21,200,0.9468201287076344
21,200,0.9894327813725794
21,200,0.9705239591536041
21,200,0.9645370855888732
21,200,0.9815983761537294
21,200,0.9661848579368826
21,200,0.975256807970046
21,200,0.9490718225486833
21,200,0.9742186368410164
21,200,0.9431844370810593
21,200,0.9751943805817842
21,200,0.9776842103233494
21,200,0.9751074447940464
21,200,0.9714099365314146
21,200,0.9563656314898141
21,200,0.978112118899502
21,200,0.9701740142273868
21,200,0.9710925204721326
21,200,0.9787354348811769
21,200,0.946742025929941
21,200,0.9318147729481322
21,200,0.9701740142273868
21,200,0.9577442890145962
21,200,0.9775864484225668
21,200,0.9889829084779196
21,200,0.9750767909166423
21,200,0.9816936992764148
21,200,0.9648078208999334
21,200,0.985960850470531
21,200,0.9641757135096974
21,200,0.9783979050145513
21,200,0.9973779638713388
21,200,0.9751074447940464
21,200,0.988191586187329
21,200,0.9667903983236842
21,200,0.9826554049925439
21,200,0.9900317503380673
21,200,0.9866535872790646
21,200,0.9830904648975834
21,200,0.9642301656282823
21,200,0.9473961527697246
21,200,0.9900317503380673
21,200,0.971117344976358
21,200,0.9826827383913662
21,200,0.9858585356816664
21,200,0.9750616135721754
21,200,0.9868803557090203
21,200,0.9738197948983064
21,200,0.9894450719484437
21,200,0.9594367590688747
21,200,0.9727207178041188
21,200,0.9875925599881322
21,200,0.9714099365314146
21,200,0.988191586187329
21,200,0.9740545260044267
21,200,0.9894696227820828
21,200,0.9951514271658396
21,200,0.9925351372374358
21,200,0.9781095153000875
21,200,0.9596098289468763
21,200,0.9523197084342824
21,200,0.9951514271658396
21,200,0.9787631066884951
21,200,0.9691769717874229
21,200,0.9608809248598227
21,200,0.9812975646287595
21,200,0.9735288203615632
21,200,0.9898431627302974
21,200,0.9683371416761927
21,200,0.9742428086468861
21,200,0.9581200259785791
21,200,0.9662000518443894
21,200,0.9563656314898141
21,200,0.9667903983236842
21,200,0.9740545260044267
21,200,0.9720656204992435
21,200,0.9766151495741273
21,200,0.9713824327946674
21,200,0.9656883168197479
21,200,0.9765062512744688
21,200,0.9696903070104389
21,200,0.9766151495741273
21,200,0.9673851018921654
21,200,0.9758727117844884
21,200,0.9857436693364277
21,200,0.9730586116067217
21,200,0.9881379302351289
21,200,0.9642735098280039
21,200,0.9901750267219335
21,200,0.9499078555044902
21,200,0.9789240433266746
21,200,0.9840500739220187
21,200,0.978112118899502
21,200,0.9826554049925439
21,200,0.9894696227820828
21,200,0.9720656204992435
21,200,0.9883101493678338
21,200,0.987531728461736
21,200,0.9812921490884144
21,200,0.9532080485517288
21,200,0.9460203293294241
21,200,0.9883101493678338
21,200,0.971985598188449
21,200,0.9875091627788746
21,200,0.9817854149576211
21,200,0.9749684517161324
21,200,0.9875450522564121
21,200,0.9717109563921
21,200,0.9916010851240287
21,200,0.9613276018357553
21,200,0.9741608681980134
21,200,0.9894327813725794
21,200,0.9701740142273868
21,200,0.9900317503380673
21,200,0.9951514271658396
21,200,0.9766151495741273
21,200,0.9883101493678338
21,200,0.994690855174019
21,200,0.9787750498537755
21,200,0.96359191512438
21,200,0.9569825453760894
21,200,1
21,200,0.9809926780368025
21,200,0.9876716404141695
21,200,0.9809941994400153
21,200,0.976966962395099
21,200,0.9851212963056376
21,200,0.9665155482357581
21,200,0.9908291175448941
21,200,0.9606355478981963
21,200,0.9737581981718368
21,200,0.9860534437714824
21,200,0.9710925204721326
21,200,0.9866535872790646
21,200,0.9925351372374358
21,200,0.9713824327946674
21,200,0.987531728461736
21,200,0.994690855174019
21,200,0.9753748130825725
21,200,0.9628999078406929
21,200,0.9547625603661415
21,200,0.994690855174019
21,200,0.9828650226877705
21,200,0.9694320718483722
21,200,0.9798859028077594
21,200,0.9717775886735674
21,200,0.9846769893448047
21,200,0.9579416755345872
21,200,0.9791740386468397
21,200,0.9513252679579328
21,200,0.9896788023906323
21,200,0.9845394642387928
21,200,0.9787354348811769
21,200,0.9830904648975834
21,200,0.9781095153000875
21,200,0.9656883168197479
21,200,0.9812921490884144
21,200,0.9787750498537755
21,200,0.9753748130825725
21,200,0.962393035708693
21,200,0.9478434742662736
21,200,0.9787750498537755
21,200,0.96300190582545
21,200,0.9607129719181866
21,200,0.957383207330853
21,200,0.9757804423124105
21,200,0.95311162053182
21,200,0.9800756676820318
21,200,0.9561399883293118
21,200,0.9843359561729207
21,200,0.961513321233059
21,200,0.9648075657405227
21,200,0.946742025929941
21,200,0.9642301656282823
21,200,0.9596098289468763
21,200,0.9765062512744688
21,200,0.9532080485517288
21,200,0.96359191512438
21,200,0.9628999078406929
21,200,0.962393035708693
21,200,0.9784216921674854
21,200,0.96359191512438
21,200,0.9589361530900489
21,200,0.9555581013510617
21,200,0.9394657125017
21,200,0.9591252340157627
21,200,0.9494411031347472
21,200,0.9717137334661679
21,200,0.9518528657492317
21,200,0.9656933063211851
21,200,0.949640458418864
21,200,0.9468201287076344
21,200,0.9318147729481322
21,200,0.9473961527697246
21,200,0.9523197084342824
21,200,0.9696903070104389
21,200,0.9460203293294241
21,200,0.9569825453760894
21,200,0.9547625603661415
21,200,0.9478434742662736
21,200,0.9784216921674854
21,200,0.9569825453760894
21,200,0.9630683451577854
21,200,0.9875091627788746
21,200,0.9817854149576211
21,200,0.9749684517161324
21,200,0.9875450522564121
21,200,0.9717109563921
21,200,0.9916010851240287
21,200,0.9613276018357553
21,200,0.9741608681980134
21,200,0.9894327813725794
21,200,0.9701740142273868
21,200,0.9900317503380673
21,200,0.9951514271658396
21,200,0.9766151495741273
21,200,0.9883101493678338
21,200,1
21,200,0.994690855174019
21,200,0.9787750498537755
21,200,0.96359191512438
21,200,0.9569825453760894
21,200,0.9809926780368025
21,200,0.9860981788684314
21,200,0.9655216824944169
21,200,0.9656413233095227
21,200,0.972638642527937
21,200,0.9625467178079435
21,200,0.978282193044436
21,200,0.9602147641682884
21,200,0.963309861906459
21,200,0.9705239591536041
21,200,0.9577442890145962
21,200,0.971117344976358
21,200,0.9787631066884951
21,200,0.9673851018921654
21,200,0.971985598188449
21,200,0.9809926780368025
21,200,0.9828650226877705
21,200,0.96300190582545
21,200,0.9589361530900489
21,200,0.9630683451577854
21,200,0.9809926780368025
21,500,0.9849654935465758
21,500,0.9780512688033751
21,500,0.9838907306097932
21,500,0.9710442975870399
21,500,0.9763545984735876
21,500,0.9713359459629642
21,500,0.9748336873708627
21,500,0.9885718687073518
21,500,0.9803411601423768
21,500,0.9859779976224637
21,500,0.9705422703192685
21,500,0.964729697812339
21,500,0.9862319659878679
21,500,0.9865761651576346
21,500,0.9933532833296969
21,500,0.9752361282210746
21,500,0.9680872926405286
21,500,0.9915164618556338
21,500,0.9845394948844775
21,500,0.986221355918348
21,500,0.9849654935465758
21,500,0.982137889288485
21,500,0.9773740149665783
21,500,0.9783822057734971
21,500,0.9790935291756918
21,500,0.9786764268826222
21,500,0.9852677213237819
21,500,0.9796826648502868
21,500,0.9877610792328275
21,500,0.9894156107983955
21,500,0.9641439504937378
21,500,0.9736111033155194
21,500,0.9949018475528334
21,500,0.9747639567273764
21,500,0.982096842880405
21,500,0.976398238468887
21,500,0.9630072968380331
21,500,0.9801550790749873
21,500,0.9804001949859299
21,500,0.9903800476238309
21,500,0.9780512688033751
21,500,0.982137889288485
21,500,0.964646297164458
21,500,0.9928595550106145
21,500,0.982312047397495
21,500,0.992426610996975
21,500,0.9792488287878478
21,500,0.975040126315311
21,500,0.9808835345540377
21,500,0.9778414392783977
21,500,0.9525675676532844
21,500,0.9833956994221662
21,500,0.984621058274961
21,500,0.970854316308594
21,500,0.9781523461704329
21,500,0.9842009944048286
21,500,0.9531502539771821
21,500,0.9762204075254568
21,500,0.975495452321423
21,500,0.988983049414906
21,500,0.9838907306097932
21,500,0.9773740149665783
21,500,0.964646297164458
21,500,0.9576987469715799
21,500,0.9724195355238613
21,500,0.9579879220898796
21,500,0.9644661736179178
21,500,0.9775579974564392
21,500,0.9669167696015164
21,500,0.9849714975476153
21,500,0.9679359064823317
21,500,0.9514376967220233
21,500,0.9756195754573037
21,500,0.9937830708792096
21,500,0.9829823634318232
21,500,0.9713105502035762
21,500,0.968314819950049
21,500,0.9822770532641945
21,500,0.9742433183120408
21,500,0.9754460597463639
21,500,0.9710442975870399
21,500,0.9783822057734971
21,500,0.9928595550106145
21,500,0.9576987469715799
21,500,0.975264369688218
21,500,0.9984551933844634
21,500,0.980317727776748
21,500,0.9680160276823168
21,500,0.981948150643561
21,500,0.9708108919744205
21,500,0.9536038836860027
21,500,0.9904783912093968
21,500,0.9775436107940793
21,500,0.9639046415664906
21,500,0.9711407117950802
21,500,0.9771531427128237
21,500,0.9495214323222885
21,500,0.9692262380988061
21,500,0.9765551647887957
21,500,0.9818957809141488
21,500,0.9763545984735876
21,500,0.9790935291756918
21,500,0.982312047397495
21,500,0.9724195355238613
21,500,0.975264369688218
21,500,0.9748370503994584
21,500,0.9695015457997789
21,500,0.9711283461681938
21,500,0.9783060983856746
21,500,0.9872980892090293
21,500,0.955576357665974
21,500,0.9705075117768602
21,500,0.9803673590971135
21,500,0.9756818854669561
21,500,0.974247507474189
21,500,0.9944988888468751
21,500,0.949744691657885
21,500,0.971559916172764
21,500,0.9708049676685747
21,500,0.9787622613147343
21,500,0.9713359459629642
21,500,0.9786764268826222
21,500,0.992426610996975
21,500,0.9579879220898796
21,500,0.9984551933844634
21,500,0.9748370503994584
21,500,0.9806132567143896
21,500,0.9683083889458923
21,500,0.9822424954462039
21,500,0.9711035216484634
21,500,0.9538904040956865
21,500,0.9889441507605697
21,500,0.977838192575531
21,500,0.9641939051140576
21,500,0.9714325542638176
21,500,0.9767258128750324
21,500,0.9498057150441576
21,500,0.9695173536309304
21,500,0.9768814781552537
21,500,0.9821907714720045
21,500,0.9748336873708627
21,500,0.9852677213237819
21,500,0.9792488287878478
21,500,0.9644661736179178
21,500,0.980317727776748
21,500,0.9695015457997789
21,500,0.9806132567143896
21,500,0.9718923043633686
21,500,0.9884059070661596
21,500,0.9776591639325054
21,500,0.9594687494571742
21,500,0.9738712513159149
21,500,0.9813711143404151
21,500,0.9676630452555516
21,500,0.975699913670063
21,500,0.9714221434475444
21,500,0.9539625348259034
21,500,0.9747612370952965
21,500,0.9797713090738774
21,500,0.985728595695715
21,500,0.9885718687073518
21,500,0.9796826648502868
21,500,0.975040126315311
21,500,0.9775579974564392
21,500,0.9680160276823168
21,500,0.9711283461681938
21,500,0.9683083889458923
21,500,0.9718923043633686
21,500,0.9773356149262089
21,500,0.9806976438299013
21,500,0.9668974244272845
21,500,0.9619771492126908
21,500,0.9835319762320894
21,500,0.983189541709404
21,500,0.9932501980298053
21,500,0.9722181045736312
21,500,0.9666962610972298
21,500,0.9900147029120516
21,500,0.9835231529677416
21,500,0.9832301838971003
21,500,0.9803411601423768
21,500,0.9877610792328275
21,500,0.9808835345540377
21,500,0.9669167696015164
21,500,0.981948150643561
21,500,0.9783060983856746
21,500,0.9822424954462039
21,500,0.9884059070661596
21,500,0.9773356149262089
21,500,0.9801390353270708
21,500,0.9631694569911806
21,500,0.9725753372667083
21,500,0.9861400339898514
21,500,0.973125483052325
21,500,0.9804437614385499
21,500,0.9801632960482551
21,500,0.9589816275591183
21,500,0.9785061152155728
21,500,0.9835402879262453
21,500,0.9891291579757685
21,500,0.9859779976224637
21,500,0.9894156107983955
21,500,0.9778414392783977
21,500,0.9849714975476153
21,500,0.9708108919744205
21,500,0.9872980892090293
21,500,0.9711035216484634
21,500,0.9776591639325054
21,500,0.9806976438299013
21,500,0.9801390353270708
21,500,0.9619122676453089
21,500,0.9660655962977924
21,500,0.9876402123313841
21,500,0.9852265934346738
21,500,0.9831100207805981
21,500,0.9845853050924546
21,500,0.9579795073700021
21,500,0.9811657332982308
21,500,0.9769183822838863
21,500,0.9860390159725223
21,500,0.9705422703192685
21,500,0.9641439504937378
21,500,0.9525675676532844
21,500,0.9679359064823317
21,500,0.9536038836860027
21,500,0.955576357665974
21,500,0.9538904040956865
21,500,0.9594687494571742
21,500,0.9668974244272845
21,500,0.9631694569911806
21,500,0.9619122676453089
21,500,0.9489576561091706
21,500,0.9621617705608376
21,500,0.9708727746696738
21,500,0.9702932347633748
21,500,0.9502031859591128
21,500,0.9891643468258999
21,500,0.971394779105672
21,500,0.9688012044098808
21,500,0.9605940025679792
21,500,0.964729697812339
21,500,0.9736111033155194
21,500,0.9833956994221662
21,500,0.9514376967220233
21,500,0.9904783912093968
21,500,0.9705075117768602
21,500,0.9889441507605697
21,500,0.9738712513159149
21,500,0.9619771492126908
21,500,0.9725753372667083
21,500,0.9660655962977924
21,500,0.9489576561091706
21,500,0.9753659963603518
21,500,0.9546936304539163
21,500,0.9644227456667398
21,500,0.9698813653275569
21,500,0.9404690255040998
21,500,0.9616126893148332
21,500,0.970025194408218
21,500,0.972502404771985
21,500,0.9862319659878679
21,500,0.9949018475528334
21,500,0.984621058274961
21,500,0.9756195754573037
21,500,0.9775436107940793
21,500,0.9803673590971135
21,500,0.977838192575531
21,500,0.9813711143404151
21,500,0.9835319762320894
21,500,0.9861400339898514
21,500,0.9876402123313841
21,500,0.9621617705608376
21,500,0.9753659963603518
21,500,0.9760200731384583
21,500,0.9859393236621101
21,500,0.9776720998367531
21,500,0.9610405974773094
21,500,0.9814192376615006
21,500,0.9783732642802836
21,500,0.9928733202987646
21,500,0.9865761651576346
21,500,0.9747639567273764
21,500,0.970854316308594
21,500,0.9937830708792096
21,500,0.9639046415664906
21,500,0.9756818854669561
21,500,0.9641939051140576
21,500,0.9676630452555516
21,500,0.983189541709404
21,500,0.973125483052325
21,500,0.9852265934346738
21,500,0.9708727746696738
21,500,0.9546936304539163
21,500,0.9760200731384583
21,500,0.9891959897143464
21,500,0.9775206072651419
21,500,0.9713124996641175
21,500,0.9884904638640485
21,500,0.9804542722091873
21,500,0.9789575960725156
21,500,0.9933532833296969
21,500,0.982096842880405
21,500,0.9781523461704329
21,500,0.9829823634318232
21,500,0.9711407117950802
21,500,0.974247507474189
21,500,0.9714325542638176
21,500,0.975699913670063
21,500,0.9932501980298053
21,500,0.9804437614385499
21,500,0.9831100207805981
21,500,0.9702932347633748
21,500,0.9644227456667398
21,500,0.9859393236621101
21,500,0.9891959897143464
21,500,0.975335332104171
21,500,0.9707374858904868
21,500,0.9934649741652418
21,500,0.987837890212757
21,500,0.9863278705013195
21,500,0.9752361282210746
21,500,0.976398238468887
21,500,0.9842009944048286
21,500,0.9713105502035762
21,500,0.9771531427128237
21,500,0.9944988888468751
21,500,0.9767258128750324
21,500,0.9714221434475444
21,500,0.9722181045736312
21,500,0.9801632960482551
21,500,0.9845853050924546
21,500,0.9502031859591128
21,500,0.9698813653275569
21,500,0.9776720998367531
21,500,0.9775206072651419
21,500,0.975335332104171
21,500,0.9508043378021402
21,500,0.9764106232076298
21,500,0.9756868921655173
21,500,0.9806511206901568
21,500,0.9680872926405286
21,500,0.9630072968380331
21,500,0.9531502539771821
21,500,0.968314819950049
21,500,0.9495214323222885
21,500,0.949744691657885
21,500,0.9498057150441576
21,500,0.9539625348259034
21,500,0.9666962610972298
21,500,0.9589816275591183
21,500,0.9579795073700021
21,500,0.9891643468258999
21,500,0.9404690255040998
21,500,0.9610405974773094
21,500,0.9713124996641175
21,500,0.9707374858904868
21,500,0.9508043378021402
21,500,0.9718304273121239
21,500,0.9646000639118193
21,500,0.9611140034600677
21,500,0.9915164618556338
21,500,0.9801550790749873
21,500,0.9762204075254568
21,500,0.9822770532641945
21,500,0.9692262380988061
21,500,0.971559916172764
21,500,0.9695173536309304
21,500,0.9747612370952965
21,500,0.9900147029120516
21,500,0.9785061152155728
21,500,0.9811657332982308
21,500,0.971394779105672
21,500,0.9616126893148332
21,500,0.9814192376615006
21,500,0.9884904638640485
21,500,0.9934649741652418
21,500,0.9764106232076298
21,500,0.9718304273121239
21,500,0.9871013670105332
21,500,0.9843755678291555
21,500,0.9845394948844775
21,500,0.9804001949859299
21,500,0.975495452321423
21,500,0.9742433183120408
21,500,0.9765551647887957
21,500,0.9708049676685747
21,500,0.9768814781552537
21,500,0.9797713090738774
21,500,0.9835231529677416
21,500,0.9835402879262453
21,500,0.9769183822838863
21,500,0.9688012044098808
21,500,0.970025194408218
21,500,0.9783732642802836
21,500,0.9804542722091873
21,500,0.987837890212757
21,500,0.9756868921655173
21,500,0.9646000639118193
21,500,0.9871013670105332
21,500,0.9813486203598792
21,500,0.986221355918348
21,500,0.9903800476238309
21,500,0.988983049414906
21,500,0.9754460597463639
21,500,0.9818957809141488
21,500,0.9787622613147343
21,500,0.9821907714720045
21,500,0.985728595695715
21,500,0.9832301838971003
21,500,0.9891291579757685
21,500,0.9860390159725223
21,500,0.9605940025679792
21,500,0.972502404771985
21,500,0.9928733202987646
21,500,0.9789575960725156
21,500,0.9863278705013195
21,500,0.9806511206901568
21,500,0.9611140034600677
21,500,0.9843755678291555
21,500,0.9813486203598792
21,1000,0.9904839114677371
21,1000,0.9976762808657542
21,1000,0.9849490067668063
21,1000,0.9979703268947546
21,1000,0.9877874120265308
21,1000,0.9894369845718557
21,1000,0.9743654759076803
21,1000,0.9876644414291499
21,1000,0.9878191406175822
21,1000,0.956394797552261
21,1000,0.9883022098819475
21,1000,0.9661540817244626
21,1000,0.952904010228518
21,1000,0.9928331584152551
21,1000,0.9908327487953005
21,1000,0.9773611211289542
21,1000,1
21,1000,0.9878191406175822
21,1000,0.9859176152644918
21,1000,0.9878191406175822
21,1000,0.9904839114677371
21,1000,0.9896505655548266
21,1000,0.9798811598529458
21,1000,0.9925105775685462
21,1000,0.9852963491466199
21,1000,0.9807326354773765
21,1000,0.9693406362176145
21,1000,0.9911210434893645
21,1000,0.982736526036687
21,1000,0.951438376859993
21,1000,0.9795452617673732
21,1000,0.9604826055793778
21,1000,0.9508756193226671
21,1000,0.9863538267775958
21,1000,0.9892842990248351
21,1000,0.972332316076701
21,1000,0.9904839114677371
21,1000,0.982736526036687
21,1000,0.9838340203445631
21,1000,0.982736526036687
21,1000,0.9976762808657542
21,1000,0.9896505655548266
21,1000,0.9838929592844254
21,1000,0.9960465206154193
21,1000,0.9867255284313085
21,1000,0.9883782810509262
21,1000,0.973318390351574
21,1000,0.9868280792292716
21,1000,0.9867600158209381
21,1000,0.955361969275745
21,1000,0.9872371087812372
21,1000,0.9639044449709148
21,1000,0.9518720991558569
21,1000,0.9925459667286732
21,1000,0.989566542903943
21,1000,0.9763132092632087
21,1000,0.9976762808657542
21,1000,0.9867600158209381
21,1000,0.9848576200423613
21,1000,0.9867600158209381
21,1000,0.9849490067668063
21,1000,0.9798811598529458
21,1000,0.9838929592844254
21,1000,0.9865579590471997
21,1000,0.9945039994328972
21,1000,0.9954855220694544
21,1000,0.9892887420320419
21,1000,0.9770949737722048
21,1000,0.9970944743498474
21,1000,0.9682732240061489
21,1000,0.9884322033681617
21,1000,0.9665153032893367
21,1000,0.9647718880376971
21,1000,0.9821354263003579
21,1000,0.9795046403459071
21,1000,0.989413022021329
21,1000,0.9849490067668063
21,1000,0.9970944743498474
21,1000,0.9943912302972893
21,1000,0.9970944743498474
21,1000,0.9979703268947546
21,1000,0.9925105775685462
21,1000,0.9960465206154193
21,1000,0.9865579590471997
21,1000,0.9894052559782
21,1000,0.9874262273219021
21,1000,0.9759607741507726
21,1000,0.98968997505755
21,1000,0.9894327813725793
21,1000,0.9579683739666555
21,1000,0.9862793019404432
21,1000,0.9677303469474043
21,1000,0.9544761892273053
21,1000,0.9908063013685776
21,1000,0.9928595550106145
21,1000,0.9789576783048125
21,1000,0.9979703268947546
21,1000,0.9894327813725793
21,1000,0.9875325821654193
21,1000,0.9894327813725793
21,1000,0.9877874120265308
21,1000,0.9852963491466199
21,1000,0.9867255284313085
21,1000,0.9945039994328972
21,1000,0.9894052559782
21,1000,0.9953922525945733
21,1000,0.9838393821252397
21,1000,0.9798899747119698
21,1000,0.9974019764590117
21,1000,0.9657397055910488
21,1000,0.9912898580733457
21,1000,0.9639774557892893
21,1000,0.9622406195153524
21,1000,0.9820366999933342
21,1000,0.9823129580032148
21,1000,0.9868425036983571
21,1000,0.9877874120265308
21,1000,0.9974019764590117
21,1000,0.9955083266127297
21,1000,0.9974019764590117
21,1000,0.9894369845718557
21,1000,0.9807326354773765
21,1000,0.9883782810509262
21,1000,0.9954855220694544
21,1000,0.9874262273219021
21,1000,0.9953922525945733
21,1000,0.9848125752750526
21,1000,0.9779394419298709
21,1000,0.9979892427500462
21,1000,0.9666996475917544
21,1000,0.9929289416736624
21,1000,0.964939038066395
21,1000,0.96319970903891
21,1000,0.9837034944748341
21,1000,0.9803551689955645
21,1000,0.9878164648454706
21,1000,0.9894369845718557
21,1000,0.9979892427500462
21,1000,0.9952791998361393
21,1000,0.9979892427500462
21,1000,0.9743654759076803
21,1000,0.9693406362176145
21,1000,0.973318390351574
21,1000,0.9892887420320419
21,1000,0.9759607741507726
21,1000,0.9838393821252397
21,1000,0.9848125752750526
21,1000,0.9698558911285861
21,1000,0.9864078735181449
21,1000,0.9764428773199217
21,1000,0.9810969096947443
21,1000,0.9709047965260296
21,1000,0.97193769192256
21,1000,0.9748535689096742
21,1000,0.9722451085704643
21,1000,0.9930753357610401
21,1000,0.9743654759076803
21,1000,0.9864078735181449
21,1000,0.9837275699813353
21,1000,0.9864078735181449
21,1000,0.9876644414291499
21,1000,0.9911210434893645
21,1000,0.9868280792292716
21,1000,0.9770949737722048
21,1000,0.98968997505755
21,1000,0.9798899747119698
21,1000,0.9779394419298709
21,1000,0.9698558911285861
21,1000,0.979942221031078
21,1000,0.9566501826538144
21,1000,0.9849199210538258
21,1000,0.9577530229328106
21,1000,0.9576420285820072
21,1000,0.9884914942733888
21,1000,0.9965350468285624
21,1000,0.9695675943166521
21,1000,0.9876644414291499
21,1000,0.979942221031078
21,1000,0.982639086231238
21,1000,0.979942221031078
21,1000,0.9878191406175822
21,1000,0.982736526036687
21,1000,0.9867600158209381
21,1000,0.9970944743498474
21,1000,0.9894327813725793
21,1000,0.9974019764590117
21,1000,0.9979892427500462
21,1000,0.9864078735181449
21,1000,0.979942221031078
21,1000,0.9682732240061489
21,1000,0.9913124872271165
21,1000,0.9665153032893365
21,1000,0.9647718880376971
21,1000,0.9820833690696253
21,1000,0.9823589093546929
21,1000,0.9894130220213289
21,1000,0.9878191406175822
21,1000,1
21,1000,0.9972888787150073
21,1000,1
21,1000,0.956394797552261
21,1000,0.951438376859993
21,1000,0.955361969275745
21,1000,0.9682732240061489
21,1000,0.9579683739666555
21,1000,0.9657397055910488
21,1000,0.9666996475917544
21,1000,0.9764428773199217
21,1000,0.9566501826538144
21,1000,0.9682732240061489
21,1000,0.9677381417649524
21,1000,0.9850815648681042
21,1000,0.9925671406550349
21,1000,0.9540346024434309
21,1000,0.9590068681398536
21,1000,0.9736063973078977
21,1000,0.956394797552261
21,1000,0.9682732240061489
21,1000,0.965629415898665
21,1000,0.9682732240061489
21,1000,0.9883022098819475
21,1000,0.9795452617673732
21,1000,0.9872371087812372
21,1000,0.9884322033681617
21,1000,0.9862793019404432
21,1000,0.9912898580733457
21,1000,0.9929289416736624
21,1000,0.9810969096947443
21,1000,0.9849199210538258
21,1000,0.9913124872271165
21,1000,0.9677381417649524
21,1000,0.9580290127594582
21,1000,0.9642372809766497
21,1000,0.9858682656673431
21,1000,0.9873502459803235
21,1000,0.9808174837548614
21,1000,0.9883022098819475
21,1000,0.9913124872271165
21,1000,0.9894138328274124
21,1000,0.9913124872271165
21,1000,0.9661540817244626
21,1000,0.9604826055793778
21,1000,0.9639044449709148
21,1000,0.9665153032893367
21,1000,0.9677303469474043
21,1000,0.9639774557892893
21,1000,0.964939038066395
21,1000,0.9709047965260296
21,1000,0.9577530229328106
21,1000,0.9665153032893365
21,1000,0.9850815648681042
21,1000,0.9580290127594582
21,1000,0.9854653727146404
21,1000,0.9605511634852049
21,1000,0.9608203216404674
21,1000,0.976967722692892
21,1000,0.9661540817244626
21,1000,0.9665153032893365
21,1000,0.9638669776422079
21,1000,0.9665153032893365
21,1000,0.952904010228518
21,1000,0.9508756193226671
21,1000,0.9518720991558569
21,1000,0.9647718880376971
21,1000,0.9544761892273053
21,1000,0.9622406195153524
21,1000,0.96319970903891
21,1000,0.97193769192256
21,1000,0.9576420285820072
21,1000,0.9647718880376971
21,1000,0.9925671406550349
21,1000,0.9642372809766497
21,1000,0.9854653727146404
21,1000,0.9550287711394123
21,1000,0.955513761165045
21,1000,0.974000395684807
21,1000,0.952904010228518
21,1000,0.9647718880376971
21,1000,0.9666132878126545
21,1000,0.9647718880376971
21,1000,0.9928331584152551
21,1000,0.9863538267775958
21,1000,0.9925459667286732
21,1000,0.9821354263003579
21,1000,0.9908063013685776
21,1000,0.9820366999933342
21,1000,0.9837034944748341
21,1000,0.9748535689096742
21,1000,0.9884914942733888
21,1000,0.9820833690696253
21,1000,0.9540346024434309
21,1000,0.9858682656673431
21,1000,0.9605511634852049
21,1000,0.9550287711394123
21,1000,0.987019327712745
21,1000,0.9716860740680663
21,1000,0.9928331584152551
21,1000,0.9820833690696253
21,1000,0.9847819939394942
21,1000,0.9820833690696253
21,1000,0.9908327487953005
21,1000,0.9892842990248351
21,1000,0.989566542903943
21,1000,0.9795046403459071
21,1000,0.9928595550106145
21,1000,0.9823129580032148
21,1000,0.9803551689955645
21,1000,0.9722451085704643
21,1000,0.9965350468285624
21,1000,0.9823589093546929
21,1000,0.9590068681398536
21,1000,0.9873502459803235
21,1000,0.9608203216404674
21,1000,0.955513761165045
21,1000,0.987019327712745
21,1000,0.9719586972142035
21,1000,0.9908327487953005
21,1000,0.9823589093546929
21,1000,0.9804528965942007
21,1000,0.9823589093546929
21,1000,0.9773611211289542
21,1000,0.972332316076701
21,1000,0.9763132092632087
21,1000,0.989413022021329
21,1000,0.9789576783048125
21,1000,0.9868425036983571
21,1000,0.9878164648454706
21,1000,0.9930753357610401
21,1000,0.9695675943166521
21,1000,0.9894130220213289
21,1000,0.9736063973078977
21,1000,0.9808174837548614
21,1000,0.976967722692892
21,1000,0.974000395684807
21,1000,0.9716860740680663
21,1000,0.9719586972142035
21,1000,0.9773611211289542
21,1000,0.9894130220213289
21,1000,0.986730603317678
21,1000,0.9894130220213289
21,1000,1
21,1000,0.9904839114677371
21,1000,0.9976762808657542
21,1000,0.9849490067668063
21,1000,0.9979703268947546
21,1000,0.9877874120265308
21,1000,0.9894369845718557
21,1000,0.9743654759076803
21,1000,0.9876644414291499
21,1000,0.9878191406175822
21,1000,0.956394797552261
21,1000,0.9883022098819475
21,1000,0.9661540817244626
21,1000,0.952904010228518
21,1000,0.9928331584152551
21,1000,0.9908327487953005
21,1000,0.9773611211289542
21,1000,0.9878191406175822
21,1000,0.9859176152644918
21,1000,0.9878191406175822
21,1000,0.9878191406175822
21,1000,0.982736526036687
21,1000,0.9867600158209381
21,1000,0.9970944743498474
21,1000,0.9894327813725793
21,1000,0.9974019764590117
21,1000,0.9979892427500462
21,1000,0.9864078735181449
21,1000,0.979942221031078
21,1000,1
21,1000,0.9682732240061489
21,1000,0.9913124872271165
21,1000,0.9665153032893365
21,1000,0.9647718880376971
21,1000,0.9820833690696253
21,1000,0.9823589093546929
21,1000,0.9894130220213289
21,1000,0.9878191406175822
21,1000,0.9972888787150073
21,1000,1
21,1000,0.9859176152644918
21,1000,0.9838340203445631
21,1000,0.9848576200423613
21,1000,0.9943912302972893
21,1000,0.9875325821654193
21,1000,0.9955083266127297
21,1000,0.9952791998361393
21,1000,0.9837275699813353
21,1000,0.982639086231238
21,1000,0.9972888787150073
21,1000,0.965629415898665
21,1000,0.9894138328274124
21,1000,0.9638669776422079
21,1000,0.9666132878126545
21,1000,0.9847819939394942
21,1000,0.9804528965942007
21,1000,0.986730603317678
21,1000,0.9859176152644918
21,1000,0.9972888787150073
21,1000,0.9972888787150073
21,1000,0.9878191406175822
21,1000,0.982736526036687
21,1000,0.9867600158209381
21,1000,0.9970944743498474
21,1000,0.9894327813725793
21,1000,0.9974019764590117
21,1000,0.9979892427500462
21,1000,0.9864078735181449
21,1000,0.979942221031078
21,1000,1
21,1000,0.9682732240061489
21,1000,0.9913124872271165
21,1000,0.9665153032893365
21,1000,0.9647718880376971
21,1000,0.9820833690696253
21,1000,0.9823589093546929
21,1000,0.9894130220213289
21,1000,0.9878191406175822
21,1000,1
21,1000,0.9972888787150073
