mu,met,j,nmi,nc_norm
5,LV_grp08_ST,0,0.967,1.3514
5,LV_grp08_ST,0,0.97,1.3243
5,LV_grp08_ST,0,0.969,1.3514
5,LV_grp08_ST,0,0.967,1.3514
5,LV_grp08_ST,0,0.968,1.3243
5,LV_grp08_ST,0,0.968,1.3243
5,LV_grp08_ST,0,0.969,1.3514
5,LV_grp08_ST,0,0.969,1.3514
5,LV_grp08_ST,0,0.969,1.3514
5,LV_grp08_ST,0,0.969,1.3514
5,LV_grp08_ST,0,0.967,1.3243
5,LV_grp08_ST,0,0.969,1.3514
5,LV_grp08_ST,0,0.967,1.3514
5,LV_grp08_ST,0,0.968,1.3243
5,LV_grp08_ST,0,0.967,1.3243
5,LV_grp08_ST,0,0.969,1.3514
5,LV_grp08_ST,0,0.969,1.3514
5,LV_grp08_ST,0,0.968,1.3514
5,LV_grp08_ST,0,0.966,1.3243
5,LV_grp08_ST,0,0.968,1.3514
5,LV_grp08_ST,0,0.967,1.3514
5,LV_grp08_ST,0,0.967,1.3514
5,LV_grp08_ST,0,0.967,1.3514
5,LV_grp08_ST,0,0.967,1.3514
5,LV_grp08_ST,0,0.967,1.3243
5,LV_grp08_ST,0,0.968,1.3514
5,LV_grp08_ST,0,0.969,1.3514
5,LV_grp08_ST,0,0.968,1.3243
5,LV_grp08_ST,0,0.969,1.3514
5,LV_grp08_ST,0,0.969,1.3514
5,LV_grp08_ST,0,0.968,1.3243
5,LV_grp08_ST,0,0.969,1.3514
5,LV_grp08_ST,0,0.965,1.3243
5,LV_grp08_ST,0,0.967,1.3514
5,LV_grp08_ST,0,0.967,1.3514
5,LV_grp08_ST,0,0.97,1.3514
5,LV_grp08_ST,0,0.97,1.3514
5,LV_grp08_ST,0,0.967,1.3243
5,LV_grp08_ST,0,0.967,1.3514
5,LV_grp08_ST,0,0.969,1.3514
5,LV_grp08_ST,0,0.968,1.3243
5,LV_grp08_ST,0,0.969,1.3514
5,LV_grp08_ST,0,0.968,1.3243
5,LV_grp08_ST,0,0.967,1.3514
5,LV_grp08_ST,0,0.969,1.3514
5,LV_grp08_ST,0,0.968,1.3514
5,LV_grp08_ST,0,0.969,1.3514
5,LV_grp08_ST,0,0.969,1.3514
5,LV_grp08_ST,0,0.965,1.3243
5,LV_grp08_ST,0,0.968,1.3243
5,LV_grp08_ST,0,0.966,1.3243
5,LV_grp08_ST,0,0.969,1.3514
5,LV_grp08_ST,0,0.969,1.3514
5,LV_grp08_ST,0,0.97,1.3514
5,LV_grp08_ST,0,0.967,1.3514
5,LV_grp08_ST,0,0.969,1.3514
5,LV_grp08_ST,0,0.958,1.2973
5,LV_grp08_ST,0,0.965,1.3243
5,LV_grp08_ST,0,0.967,1.3243
5,LV_grp08_ST,0,0.95,1.2703
5,LV_grp08_ST,0,0.967,1.3243
5,LV_grp08_ST,0,0.967,1.3514
5,LV_grp08_ST,0,0.969,1.3514
5,LV_grp08_ST,0,0.967,1.3514
5,LV_grp08_ST,0,0.969,1.3514
5,LV_grp08_ST,0,0.964,1.3243
5,LV_grp08_ST,0,0.97,1.3514
5,LV_grp08_ST,0,0.968,1.3243
5,LV_grp08_ST,0,0.958,1.2973
5,LV_grp08_ST,0,0.968,1.3514
5,LV_grp08_ST,0,0.969,1.3514
5,LV_grp08_ST,0,0.96,1.2973
5,LV_grp08_ST,0,0.968,1.3243
5,LV_grp08_ST,0,0.968,1.3243
5,LV_grp08_ST,0,0.969,1.3514
5,LV_grp08_ST,0,0.968,1.3243
5,LV_grp08_ST,0,0.967,1.3243
5,LV_grp08_ST,0,0.969,1.3514
5,LV_grp08_ST,0,0.967,1.3514
5,LV_grp08_ST,0,0.966,1.3243
5,LV_grp08_ST,0,0.968,1.3243
5,LV_grp08_ST,0,0.969,1.3514
5,LV_grp08_ST,0,0.969,1.3514
5,LV_grp08_ST,0,0.968,1.3514
5,LV_grp08_ST,0,0.968,1.3243
5,LV_grp08_ST,0,0.964,1.3243
5,LV_grp08_ST,0,0.968,1.3243
5,LV_grp08_ST,0,0.968,1.3243
5,LV_grp08_ST,0,0.967,1.3514
5,LV_grp08_ST,0,0.968,1.3514
5,LV_grp08_ST,0,0.969,1.3514
5,LV_grp08_ST,0,0.967,1.3514
5,LV_grp08_ST,0,0.967,1.3514
5,LV_grp08_ST,0,0.967,1.3514
5,LV_grp08_ST,0,0.969,1.3514
5,LV_grp08_ST,0,0.967,1.3243
5,LV_grp08_ST,0,0.968,1.3243
5,LV_grp08_ST,0,0.969,1.3514
5,LV_grp08_ST,0,0.967,1.3514
5,LV_grp08_ST,0,0.969,1.3514
5,LV_cons_gamma_LIM,0,0.967,1.2432
5,LV_cons_LF,1,0.967,1.3784
5,LV_cons_LF,2,0.967,1.3784
10,LV_grp08_ST,0,0.893,1.0541
10,LV_grp08_ST,0,0.905,1.1081
10,LV_grp08_ST,0,0.894,1.0811
10,LV_grp08_ST,0,0.908,1.1081
10,LV_grp08_ST,0,0.887,1.0541
10,LV_grp08_ST,0,0.882,1.0541
10,LV_grp08_ST,0,0.898,1.0811
10,LV_grp08_ST,0,0.893,1.0541
10,LV_grp08_ST,0,0.908,1.1081
10,LV_grp08_ST,0,0.896,1.0811
10,LV_grp08_ST,0,0.899,1.0811
10,LV_grp08_ST,0,0.896,1.0811
10,LV_grp08_ST,0,0.897,1.0811
10,LV_grp08_ST,0,0.888,1.0541
10,LV_grp08_ST,0,0.886,1.0541
10,LV_grp08_ST,0,0.905,1.1081
10,LV_grp08_ST,0,0.899,1.0811
10,LV_grp08_ST,0,0.906,1.1081
10,LV_grp08_ST,0,0.902,1.1081
10,LV_grp08_ST,0,0.905,1.1081
10,LV_grp08_ST,0,0.89,1.0541
10,LV_grp08_ST,0,0.909,1.1081
10,LV_grp08_ST,0,0.896,1.0811
10,LV_grp08_ST,0,0.897,1.0811
10,LV_grp08_ST,0,0.903,1.0811
10,LV_grp08_ST,0,0.904,1.0811
10,LV_grp08_ST,0,0.886,1.0541
10,LV_grp08_ST,0,0.902,1.0811
10,LV_grp08_ST,0,0.902,1.0811
10,LV_grp08_ST,0,0.911,1.1351
10,LV_grp08_ST,0,0.885,1.0541
10,LV_grp08_ST,0,0.895,1.0811
10,LV_grp08_ST,0,0.902,1.0811
10,LV_grp08_ST,0,0.905,1.0811
10,LV_grp08_ST,0,0.892,1.0541
10,LV_grp08_ST,0,0.9,1.0811
10,LV_grp08_ST,0,0.889,1.0811
10,LV_grp08_ST,0,0.9,1.0811
10,LV_grp08_ST,0,0.91,1.1081
10,LV_grp08_ST,0,0.902,1.0811
10,LV_grp08_ST,0,0.902,1.0811
10,LV_grp08_ST,0,0.897,1.0811
10,LV_grp08_ST,0,0.881,1.0541
10,LV_grp08_ST,0,0.913,1.1351
10,LV_grp08_ST,0,0.897,1.0811
10,LV_grp08_ST,0,0.894,1.0811
10,LV_grp08_ST,0,0.904,1.0811
10,LV_grp08_ST,0,0.903,1.1081
10,LV_grp08_ST,0,0.899,1.0811
10,LV_grp08_ST,0,0.902,1.0811
10,LV_grp08_ST,0,0.914,1.1351
10,LV_grp08_ST,0,0.921,1.1351
10,LV_grp08_ST,0,0.894,1.0811
10,LV_grp08_ST,0,0.896,1.0811
10,LV_grp08_ST,0,0.914,1.1351
10,LV_grp08_ST,0,0.902,1.0811
10,LV_grp08_ST,0,0.895,1.0811
10,LV_grp08_ST,0,0.908,1.1081
10,LV_grp08_ST,0,0.913,1.1081
10,LV_grp08_ST,0,0.893,1.0541
10,LV_grp08_ST,0,0.902,1.0811
10,LV_grp08_ST,0,0.908,1.1081
10,LV_grp08_ST,0,0.907,1.1081
10,LV_grp08_ST,0,0.894,1.0811
10,LV_grp08_ST,0,0.9,1.0811
10,LV_grp08_ST,0,0.901,1.0811
10,LV_grp08_ST,0,0.899,1.0811
10,LV_grp08_ST,0,0.904,1.0811
10,LV_grp08_ST,0,0.9,1.0811
10,LV_grp08_ST,0,0.903,1.1081
10,LV_grp08_ST,0,0.905,1.0811
10,LV_grp08_ST,0,0.92,1.1351
10,LV_grp08_ST,0,0.891,1.0541
10,LV_grp08_ST,0,0.897,1.1081
10,LV_grp08_ST,0,0.886,1.0541
10,LV_grp08_ST,0,0.887,1.0541
10,LV_grp08_ST,0,0.904,1.0811
10,LV_grp08_ST,0,0.904,1.1081
10,LV_grp08_ST,0,0.883,1.027
10,LV_grp08_ST,0,0.907,1.0811
10,LV_grp08_ST,0,0.903,1.1081
10,LV_grp08_ST,0,0.901,1.0811
10,LV_grp08_ST,0,0.904,1.1081
10,LV_grp08_ST,0,0.899,1.0811
10,LV_grp08_ST,0,0.914,1.1351
10,LV_grp08_ST,0,0.903,1.1081
10,LV_grp08_ST,0,0.891,1.0811
10,LV_grp08_ST,0,0.917,1.1351
10,LV_grp08_ST,0,0.889,1.0541
10,LV_grp08_ST,0,0.895,1.0811
10,LV_grp08_ST,0,0.916,1.1351
10,LV_grp08_ST,0,0.887,1.0541
10,LV_grp08_ST,0,0.895,1.0811
10,LV_grp08_ST,0,0.915,1.1351
10,LV_grp08_ST,0,0.9,1.0811
10,LV_grp08_ST,0,0.89,1.0811
10,LV_grp08_ST,0,0.902,1.0811
10,LV_grp08_ST,0,0.888,1.0541
10,LV_grp08_ST,0,0.901,1.0811
10,LV_grp08_ST,0,0.9,1.0811
10,LV_cons_gamma_LIM,0,0.929,1.2703
10,LV_cons_LF,1,0.93,1.3784
10,LV_cons_LF,2,0.93,1.3784
15,LV_grp08_ST,0,0.863,1.1351
15,LV_grp08_ST,0,0.848,1.1081
15,LV_grp08_ST,0,0.856,1.1351
15,LV_grp08_ST,0,0.859,1.1351
15,LV_grp08_ST,0,0.874,1.1622
15,LV_grp08_ST,0,0.858,1.1081
15,LV_grp08_ST,0,0.858,1.1351
15,LV_grp08_ST,0,0.862,1.1351
15,LV_grp08_ST,0,0.857,1.1351
15,LV_grp08_ST,0,0.85,1.1081
15,LV_grp08_ST,0,0.852,1.1081
15,LV_grp08_ST,0,0.853,1.1081
15,LV_grp08_ST,0,0.864,1.1351
15,LV_grp08_ST,0,0.856,1.1351
15,LV_grp08_ST,0,0.849,1.1081
15,LV_grp08_ST,0,0.864,1.1351
15,LV_grp08_ST,0,0.85,1.1081
15,LV_grp08_ST,0,0.844,1.0811
15,LV_grp08_ST,0,0.871,1.1622
15,LV_grp08_ST,0,0.861,1.1081
15,LV_grp08_ST,0,0.855,1.1081
15,LV_grp08_ST,0,0.863,1.1351
15,LV_grp08_ST,0,0.85,1.1081
15,LV_grp08_ST,0,0.875,1.1622
15,LV_grp08_ST,0,0.853,1.1081
15,LV_grp08_ST,0,0.865,1.1351
15,LV_grp08_ST,0,0.848,1.1081
15,LV_grp08_ST,0,0.866,1.1351
15,LV_grp08_ST,0,0.853,1.1081
15,LV_grp08_ST,0,0.855,1.1351
15,LV_grp08_ST,0,0.858,1.1351
15,LV_grp08_ST,0,0.861,1.1351
15,LV_grp08_ST,0,0.869,1.1622
15,LV_grp08_ST,0,0.863,1.1351
15,LV_grp08_ST,0,0.867,1.1351
15,LV_grp08_ST,0,0.851,1.1081
15,LV_grp08_ST,0,0.864,1.1351
15,LV_grp08_ST,0,0.88,1.1622
15,LV_grp08_ST,0,0.865,1.1351
15,LV_grp08_ST,0,0.866,1.1351
15,LV_grp08_ST,0,0.847,1.1081
15,LV_grp08_ST,0,0.847,1.1081
15,LV_grp08_ST,0,0.857,1.1351
15,LV_grp08_ST,0,0.866,1.1351
15,LV_grp08_ST,0,0.869,1.1622
15,LV_grp08_ST,0,0.871,1.1622
15,LV_grp08_ST,0,0.868,1.1351
15,LV_grp08_ST,0,0.862,1.1351
15,LV_grp08_ST,0,0.85,1.1081
15,LV_grp08_ST,0,0.852,1.1081
15,LV_grp08_ST,0,0.862,1.1351
15,LV_grp08_ST,0,0.873,1.1622
15,LV_grp08_ST,0,0.854,1.1081
15,LV_grp08_ST,0,0.845,1.1081
15,LV_grp08_ST,0,0.856,1.1081
15,LV_grp08_ST,0,0.862,1.1351
15,LV_grp08_ST,0,0.858,1.1351
15,LV_grp08_ST,0,0.86,1.1351
15,LV_grp08_ST,0,0.86,1.1081
15,LV_grp08_ST,0,0.868,1.1351
15,LV_grp08_ST,0,0.886,1.1892
15,LV_grp08_ST,0,0.866,1.1622
15,LV_grp08_ST,0,0.841,1.0811
15,LV_grp08_ST,0,0.85,1.1081
15,LV_grp08_ST,0,0.86,1.1351
15,LV_grp08_ST,0,0.852,1.1081
15,LV_grp08_ST,0,0.859,1.1351
15,LV_grp08_ST,0,0.873,1.1622
15,LV_grp08_ST,0,0.851,1.1081
15,LV_grp08_ST,0,0.842,1.0811
15,LV_grp08_ST,0,0.852,1.1081
15,LV_grp08_ST,0,0.855,1.1081
15,LV_grp08_ST,0,0.863,1.1351
15,LV_grp08_ST,0,0.851,1.1081
15,LV_grp08_ST,0,0.865,1.1351
15,LV_grp08_ST,0,0.863,1.1351
15,LV_grp08_ST,0,0.86,1.1351
15,LV_grp08_ST,0,0.86,1.1351
15,LV_grp08_ST,0,0.844,1.1081
15,LV_grp08_ST,0,0.868,1.1351
15,LV_grp08_ST,0,0.865,1.1351
15,LV_grp08_ST,0,0.854,1.1081
15,LV_grp08_ST,0,0.845,1.1081
15,LV_grp08_ST,0,0.861,1.1351
15,LV_grp08_ST,0,0.862,1.1351
15,LV_grp08_ST,0,0.852,1.1081
15,LV_grp08_ST,0,0.871,1.1622
15,LV_grp08_ST,0,0.857,1.1351
15,LV_grp08_ST,0,0.85,1.1081
15,LV_grp08_ST,0,0.846,1.1081
15,LV_grp08_ST,0,0.864,1.1351
15,LV_grp08_ST,0,0.856,1.1081
15,LV_grp08_ST,0,0.855,1.1081
15,LV_grp08_ST,0,0.857,1.1081
15,LV_grp08_ST,0,0.873,1.1622
15,LV_grp08_ST,0,0.851,1.1081
15,LV_grp08_ST,0,0.847,1.1081
15,LV_grp08_ST,0,0.862,1.1351
15,LV_grp08_ST,0,0.845,1.1081
15,LV_grp08_ST,0,0.865,1.1351
15,LV_cons_gamma_LIM,0,0.898,1.3784
15,LV_cons_LF,1,0.899,1.6486
15,LV_cons_LF,2,0.899,1.6486
20,LV_grp08_ST,0,0.747,0.9459
20,LV_grp08_ST,0,0.755,0.9459
20,LV_grp08_ST,0,0.765,0.973
20,LV_grp08_ST,0,0.757,0.973
20,LV_grp08_ST,0,0.778,1.027
20,LV_grp08_ST,0,0.754,0.9459
20,LV_grp08_ST,0,0.748,0.9189
20,LV_grp08_ST,0,0.733,0.9189
20,LV_grp08_ST,0,0.738,0.9189
20,LV_grp08_ST,0,0.76,0.973
20,LV_grp08_ST,0,0.744,0.8919
20,LV_grp08_ST,0,0.733,0.9189
20,LV_grp08_ST,0,0.764,0.973
20,LV_grp08_ST,0,0.77,0.973
20,LV_grp08_ST,0,0.742,0.9459
20,LV_grp08_ST,0,0.74,0.9189
20,LV_grp08_ST,0,0.763,0.973
20,LV_grp08_ST,0,0.758,0.973
20,LV_grp08_ST,0,0.742,0.973
20,LV_grp08_ST,0,0.753,0.9459
20,LV_grp08_ST,0,0.753,0.9459
20,LV_grp08_ST,0,0.745,0.9189
20,LV_grp08_ST,0,0.741,0.9189
20,LV_grp08_ST,0,0.765,0.973
20,LV_grp08_ST,0,0.79,1.027
20,LV_grp08_ST,0,0.74,0.9189
20,LV_grp08_ST,0,0.745,0.9459
20,LV_grp08_ST,0,0.764,0.973
20,LV_grp08_ST,0,0.74,0.9459
20,LV_grp08_ST,0,0.767,1
20,LV_grp08_ST,0,0.762,0.973
20,LV_grp08_ST,0,0.74,0.9459
20,LV_grp08_ST,0,0.753,0.973
20,LV_grp08_ST,0,0.749,0.9459
20,LV_grp08_ST,0,0.756,0.973
20,LV_grp08_ST,0,0.765,0.9459
20,LV_grp08_ST,0,0.752,0.9459
20,LV_grp08_ST,0,0.759,0.973
20,LV_grp08_ST,0,0.748,0.9459
20,LV_grp08_ST,0,0.74,0.9189
20,LV_grp08_ST,0,0.748,0.9459
20,LV_grp08_ST,0,0.747,0.9459
20,LV_grp08_ST,0,0.76,0.973
20,LV_grp08_ST,0,0.77,0.973
20,LV_grp08_ST,0,0.785,1.027
20,LV_grp08_ST,0,0.768,0.973
20,LV_grp08_ST,0,0.759,0.9459
20,LV_grp08_ST,0,0.741,0.9459
20,LV_grp08_ST,0,0.763,0.973
20,LV_grp08_ST,0,0.77,0.973
20,LV_grp08_ST,0,0.77,0.973
20,LV_grp08_ST,0,0.753,0.973
20,LV_grp08_ST,0,0.74,0.9189
20,LV_grp08_ST,0,0.769,1
20,LV_grp08_ST,0,0.739,0.9189
20,LV_grp08_ST,0,0.766,0.973
20,LV_grp08_ST,0,0.753,0.9459
20,LV_grp08_ST,0,0.766,0.973
20,LV_grp08_ST,0,0.745,0.9459
20,LV_grp08_ST,0,0.767,0.973
20,LV_grp08_ST,0,0.746,0.9459
20,LV_grp08_ST,0,0.769,0.973
20,LV_grp08_ST,0,0.743,0.9189
20,LV_grp08_ST,0,0.764,0.973
20,LV_grp08_ST,0,0.763,0.973
20,LV_grp08_ST,0,0.765,0.973
20,LV_grp08_ST,0,0.742,0.9189
20,LV_grp08_ST,0,0.74,0.9189
20,LV_grp08_ST,0,0.753,0.9459
20,LV_grp08_ST,0,0.734,0.9189
20,LV_grp08_ST,0,0.742,0.9189
20,LV_grp08_ST,0,0.746,0.9189
20,LV_grp08_ST,0,0.767,0.973
20,LV_grp08_ST,0,0.755,0.973
20,LV_grp08_ST,0,0.754,0.9459
20,LV_grp08_ST,0,0.755,0.9459
20,LV_grp08_ST,0,0.77,1
20,LV_grp08_ST,0,0.749,0.9459
20,LV_grp08_ST,0,0.758,0.9459
20,LV_grp08_ST,0,0.756,0.9459
20,LV_grp08_ST,0,0.753,0.9459
20,LV_grp08_ST,0,0.747,0.9189
20,LV_grp08_ST,0,0.764,0.973
20,LV_grp08_ST,0,0.762,0.973
20,LV_grp08_ST,0,0.776,1
20,LV_grp08_ST,0,0.761,0.9459
20,LV_grp08_ST,0,0.771,1
20,LV_grp08_ST,0,0.771,1
20,LV_grp08_ST,0,0.786,1
20,LV_grp08_ST,0,0.749,0.9189
20,LV_grp08_ST,0,0.754,0.9459
20,LV_grp08_ST,0,0.756,0.9459
20,LV_grp08_ST,0,0.75,0.9459
20,LV_grp08_ST,0,0.762,0.973
20,LV_grp08_ST,0,0.763,0.973
20,LV_grp08_ST,0,0.763,0.973
20,LV_grp08_ST,0,0.752,0.9459
20,LV_grp08_ST,0,0.768,0.973
20,LV_grp08_ST,0,0.774,0.973
20,LV_grp08_ST,0,0.754,0.9459
20,LV_cons_gamma_LIM,0,0.828,1.7027
20,LV_cons_LF,1,0.832,1.9459
20,LV_cons_LF,2,0.832,1.9459
25,LV_grp08_ST,0,0.703,0.7838
25,LV_grp08_ST,0,0.694,0.7838
25,LV_grp08_ST,0,0.696,0.7568
25,LV_grp08_ST,0,0.749,0.8649
25,LV_grp08_ST,0,0.723,0.7838
25,LV_grp08_ST,0,0.719,0.8108
25,LV_grp08_ST,0,0.719,0.8108
25,LV_grp08_ST,0,0.7,0.7838
25,LV_grp08_ST,0,0.683,0.7568
25,LV_grp08_ST,0,0.676,0.7568
25,LV_grp08_ST,0,0.735,0.8378
25,LV_grp08_ST,0,0.703,0.8108
25,LV_grp08_ST,0,0.72,0.8108
25,LV_grp08_ST,0,0.712,0.8108
25,LV_grp08_ST,0,0.687,0.7838
25,LV_grp08_ST,0,0.71,0.8108
25,LV_grp08_ST,0,0.719,0.7838
25,LV_grp08_ST,0,0.727,0.7838
25,LV_grp08_ST,0,0.727,0.8108
25,LV_grp08_ST,0,0.695,0.8108
25,LV_grp08_ST,0,0.711,0.7838
25,LV_grp08_ST,0,0.723,0.8108
25,LV_grp08_ST,0,0.73,0.8108
25,LV_grp08_ST,0,0.687,0.7568
25,LV_grp08_ST,0,0.683,0.7568
25,LV_grp08_ST,0,0.72,0.8108
25,LV_grp08_ST,0,0.717,0.8108
25,LV_grp08_ST,0,0.698,0.7838
25,LV_grp08_ST,0,0.73,0.8378
25,LV_grp08_ST,0,0.699,0.8108
25,LV_grp08_ST,0,0.717,0.8378
25,LV_grp08_ST,0,0.716,0.7838
25,LV_grp08_ST,0,0.706,0.8108
25,LV_grp08_ST,0,0.676,0.7027
25,LV_grp08_ST,0,0.734,0.8378
25,LV_grp08_ST,0,0.698,0.8108
25,LV_grp08_ST,0,0.732,0.8108
25,LV_grp08_ST,0,0.698,0.7838
25,LV_grp08_ST,0,0.701,0.7838
25,LV_grp08_ST,0,0.714,0.7838
25,LV_grp08_ST,0,0.695,0.7568
25,LV_grp08_ST,0,0.717,0.8108
25,LV_grp08_ST,0,0.673,0.7568
25,LV_grp08_ST,0,0.703,0.8108
25,LV_grp08_ST,0,0.731,0.8378
25,LV_grp08_ST,0,0.696,0.8108
25,LV_grp08_ST,0,0.715,0.8108
25,LV_grp08_ST,0,0.699,0.7838
25,LV_grp08_ST,0,0.737,0.8649
25,LV_grp08_ST,0,0.726,0.8108
25,LV_grp08_ST,0,0.712,0.8108
25,LV_grp08_ST,0,0.696,0.7838
25,LV_grp08_ST,0,0.705,0.7838
25,LV_grp08_ST,0,0.712,0.8108
25,LV_grp08_ST,0,0.705,0.7568
25,LV_grp08_ST,0,0.718,0.7838
25,LV_grp08_ST,0,0.725,0.8108
25,LV_grp08_ST,0,0.705,0.8108
25,LV_grp08_ST,0,0.741,0.8649
25,LV_grp08_ST,0,0.716,0.8108
25,LV_grp08_ST,0,0.711,0.7838
25,LV_grp08_ST,0,0.711,0.7838
25,LV_grp08_ST,0,0.71,0.7838
25,LV_grp08_ST,0,0.689,0.7838
25,LV_grp08_ST,0,0.685,0.7568
25,LV_grp08_ST,0,0.712,0.7838
25,LV_grp08_ST,0,0.702,0.7838
25,LV_grp08_ST,0,0.707,0.8108
25,LV_grp08_ST,0,0.722,0.7838
25,LV_grp08_ST,0,0.705,0.8108
25,LV_grp08_ST,0,0.705,0.7838
25,LV_grp08_ST,0,0.726,0.8108
25,LV_grp08_ST,0,0.729,0.8378
25,LV_grp08_ST,0,0.71,0.7838
25,LV_grp08_ST,0,0.734,0.8378
25,LV_grp08_ST,0,0.698,0.7838
25,LV_grp08_ST,0,0.714,0.7838
25,LV_grp08_ST,0,0.692,0.7568
25,LV_grp08_ST,0,0.711,0.7838
25,LV_grp08_ST,0,0.699,0.8108
25,LV_grp08_ST,0,0.729,0.8108
25,LV_grp08_ST,0,0.717,0.8108
25,LV_grp08_ST,0,0.692,0.7838
25,LV_grp08_ST,0,0.72,0.8378
25,LV_grp08_ST,0,0.71,0.8108
25,LV_grp08_ST,0,0.707,0.8378
25,LV_grp08_ST,0,0.741,0.8378
25,LV_grp08_ST,0,0.694,0.7838
25,LV_grp08_ST,0,0.691,0.7838
25,LV_grp08_ST,0,0.725,0.8378
25,LV_grp08_ST,0,0.708,0.7838
25,LV_grp08_ST,0,0.702,0.8108
25,LV_grp08_ST,0,0.721,0.8378
25,LV_grp08_ST,0,0.696,0.7838
25,LV_grp08_ST,0,0.699,0.7838
25,LV_grp08_ST,0,0.692,0.7838
25,LV_grp08_ST,0,0.716,0.8108
25,LV_grp08_ST,0,0.71,0.8108
25,LV_grp08_ST,0,0.703,0.8108
25,LV_grp08_ST,0,0.693,0.7838
25,LV_cons_gamma_LIM,0,0.799,1.7838
25,LV_cons_LF,1,0.809,2.2432
25,LV_cons_LF,2,0.809,2.2432
30,LV_grp08_ST,0,0.609,0.8378
30,LV_grp08_ST,0,0.588,0.7838
30,LV_grp08_ST,0,0.619,0.8919
30,LV_grp08_ST,0,0.604,0.8378
30,LV_grp08_ST,0,0.614,0.8919
30,LV_grp08_ST,0,0.628,0.8649
30,LV_grp08_ST,0,0.611,0.8649
30,LV_grp08_ST,0,0.644,0.9189
30,LV_grp08_ST,0,0.586,0.8108
30,LV_grp08_ST,0,0.625,0.8649
30,LV_grp08_ST,0,0.618,0.8378
30,LV_grp08_ST,0,0.612,0.8378
30,LV_grp08_ST,0,0.613,0.8649
30,LV_grp08_ST,0,0.581,0.8108
30,LV_grp08_ST,0,0.59,0.8108
30,LV_grp08_ST,0,0.635,0.8919
30,LV_grp08_ST,0,0.599,0.8378
30,LV_grp08_ST,0,0.593,0.8378
30,LV_grp08_ST,0,0.6,0.8108
30,LV_grp08_ST,0,0.629,0.8919
30,LV_grp08_ST,0,0.602,0.8378
30,LV_grp08_ST,0,0.625,0.8919
30,LV_grp08_ST,0,0.574,0.7838
30,LV_grp08_ST,0,0.604,0.8378
30,LV_grp08_ST,0,0.605,0.8378
30,LV_grp08_ST,0,0.635,0.9189
30,LV_grp08_ST,0,0.599,0.8108
30,LV_grp08_ST,0,0.595,0.8378
30,LV_grp08_ST,0,0.593,0.8378
30,LV_grp08_ST,0,0.615,0.8649
30,LV_grp08_ST,0,0.611,0.8649
30,LV_grp08_ST,0,0.614,0.8649
30,LV_grp08_ST,0,0.624,0.8919
30,LV_grp08_ST,0,0.596,0.8378
30,LV_grp08_ST,0,0.627,0.9189
30,LV_grp08_ST,0,0.598,0.8378
30,LV_grp08_ST,0,0.611,0.8378
30,LV_grp08_ST,0,0.612,0.8649
30,LV_grp08_ST,0,0.628,0.8919
30,LV_grp08_ST,0,0.609,0.8378
30,LV_grp08_ST,0,0.585,0.8108
30,LV_grp08_ST,0,0.618,0.8919
30,LV_grp08_ST,0,0.605,0.8378
30,LV_grp08_ST,0,0.61,0.8378
30,LV_grp08_ST,0,0.604,0.8378
30,LV_grp08_ST,0,0.604,0.8649
30,LV_grp08_ST,0,0.609,0.8378
30,LV_grp08_ST,0,0.609,0.8378
30,LV_grp08_ST,0,0.605,0.8649
30,LV_grp08_ST,0,0.585,0.7838
30,LV_grp08_ST,0,0.615,0.8378
30,LV_grp08_ST,0,0.619,0.8649
30,LV_grp08_ST,0,0.588,0.7838
30,LV_grp08_ST,0,0.59,0.8108
30,LV_grp08_ST,0,0.603,0.8649
30,LV_grp08_ST,0,0.614,0.8649
30,LV_grp08_ST,0,0.612,0.8649
30,LV_grp08_ST,0,0.593,0.8108
30,LV_grp08_ST,0,0.615,0.8919
30,LV_grp08_ST,0,0.606,0.8649
30,LV_grp08_ST,0,0.616,0.8649
30,LV_grp08_ST,0,0.635,0.9189
30,LV_grp08_ST,0,0.616,0.8649
30,LV_grp08_ST,0,0.62,0.8919
30,LV_grp08_ST,0,0.615,0.8649
30,LV_grp08_ST,0,0.592,0.8378
30,LV_grp08_ST,0,0.614,0.8649
30,LV_grp08_ST,0,0.596,0.8378
30,LV_grp08_ST,0,0.605,0.8378
30,LV_grp08_ST,0,0.596,0.8378
30,LV_grp08_ST,0,0.626,0.8919
30,LV_grp08_ST,0,0.614,0.8378
30,LV_grp08_ST,0,0.634,0.8919
30,LV_grp08_ST,0,0.626,0.8919
30,LV_grp08_ST,0,0.608,0.8649
30,LV_grp08_ST,0,0.61,0.8378
30,LV_grp08_ST,0,0.594,0.8108
30,LV_grp08_ST,0,0.614,0.8649
30,LV_grp08_ST,0,0.618,0.8378
30,LV_grp08_ST,0,0.593,0.7838
30,LV_grp08_ST,0,0.618,0.8649
30,LV_grp08_ST,0,0.64,0.8919
30,LV_grp08_ST,0,0.6,0.8378
30,LV_grp08_ST,0,0.625,0.9189
30,LV_grp08_ST,0,0.587,0.8108
30,LV_grp08_ST,0,0.596,0.8378
30,LV_grp08_ST,0,0.579,0.7838
30,LV_grp08_ST,0,0.603,0.8649
30,LV_grp08_ST,0,0.589,0.8108
30,LV_grp08_ST,0,0.592,0.8649
30,LV_grp08_ST,0,0.59,0.8108
30,LV_grp08_ST,0,0.585,0.7838
30,LV_grp08_ST,0,0.63,0.8919
30,LV_grp08_ST,0,0.603,0.8378
30,LV_grp08_ST,0,0.601,0.8378
30,LV_grp08_ST,0,0.617,0.8378
30,LV_grp08_ST,0,0.609,0.8378
30,LV_grp08_ST,0,0.629,0.8919
30,LV_grp08_ST,0,0.608,0.8378
30,LV_grp08_ST,0,0.609,0.8649
30,LV_cons_gamma_LIM,0,0.687,2.4865
30,LV_cons_LF,1,0.691,2.8108
30,LV_cons_LF,2,0.691,2.8108
35,LV_grp08_ST,0,0.575,1
35,LV_grp08_ST,0,0.539,0.973
35,LV_grp08_ST,0,0.541,1
35,LV_grp08_ST,0,0.574,0.973
35,LV_grp08_ST,0,0.565,1
35,LV_grp08_ST,0,0.551,0.973
35,LV_grp08_ST,0,0.57,1.027
35,LV_grp08_ST,0,0.542,0.973
35,LV_grp08_ST,0,0.597,1.027
35,LV_grp08_ST,0,0.531,0.9459
35,LV_grp08_ST,0,0.53,0.9459
35,LV_grp08_ST,0,0.544,0.9189
35,LV_grp08_ST,0,0.549,0.973
35,LV_grp08_ST,0,0.589,1
35,LV_grp08_ST,0,0.561,0.973
35,LV_grp08_ST,0,0.565,0.973
35,LV_grp08_ST,0,0.598,1.0541
35,LV_grp08_ST,0,0.572,1
35,LV_grp08_ST,0,0.579,1.027
35,LV_grp08_ST,0,0.578,1
35,LV_grp08_ST,0,0.585,1
35,LV_grp08_ST,0,0.575,1
35,LV_grp08_ST,0,0.524,0.9189
35,LV_grp08_ST,0,0.588,1.027
35,LV_grp08_ST,0,0.583,1
35,LV_grp08_ST,0,0.56,0.973
35,LV_grp08_ST,0,0.572,1.0541
35,LV_grp08_ST,0,0.56,1
35,LV_grp08_ST,0,0.575,1
35,LV_grp08_ST,0,0.549,0.9459
35,LV_grp08_ST,0,0.575,1
35,LV_grp08_ST,0,0.566,0.973
35,LV_grp08_ST,0,0.571,1
35,LV_grp08_ST,0,0.578,1
35,LV_grp08_ST,0,0.543,0.9459
35,LV_grp08_ST,0,0.565,1
35,LV_grp08_ST,0,0.56,0.9189
35,LV_grp08_ST,0,0.572,1.027
35,LV_grp08_ST,0,0.555,0.973
35,LV_grp08_ST,0,0.569,1
35,LV_grp08_ST,0,0.544,0.9459
35,LV_grp08_ST,0,0.549,0.973
35,LV_grp08_ST,0,0.558,0.973
35,LV_grp08_ST,0,0.585,1
35,LV_grp08_ST,0,0.576,1
35,LV_grp08_ST,0,0.568,1
35,LV_grp08_ST,0,0.56,0.973
35,LV_grp08_ST,0,0.579,1.027
35,LV_grp08_ST,0,0.532,0.973
35,LV_grp08_ST,0,0.568,1
35,LV_grp08_ST,0,0.529,0.9189
35,LV_grp08_ST,0,0.563,0.973
35,LV_grp08_ST,0,0.567,0.973
35,LV_grp08_ST,0,0.563,1
35,LV_grp08_ST,0,0.586,1.027
35,LV_grp08_ST,0,0.559,0.9459
35,LV_grp08_ST,0,0.558,0.973
35,LV_grp08_ST,0,0.56,1
35,LV_grp08_ST,0,0.585,0.973
35,LV_grp08_ST,0,0.571,1
35,LV_grp08_ST,0,0.555,0.9459
35,LV_grp08_ST,0,0.55,0.9459
35,LV_grp08_ST,0,0.541,0.973
35,LV_grp08_ST,0,0.547,0.9459
35,LV_grp08_ST,0,0.565,1.027
35,LV_grp08_ST,0,0.561,1
35,LV_grp08_ST,0,0.569,1
35,LV_grp08_ST,0,0.577,1.027
35,LV_grp08_ST,0,0.583,1.027
35,LV_grp08_ST,0,0.583,1.027
35,LV_grp08_ST,0,0.564,1.027
35,LV_grp08_ST,0,0.588,1.027
35,LV_grp08_ST,0,0.549,0.9459
35,LV_grp08_ST,0,0.546,0.973
35,LV_grp08_ST,0,0.56,0.973
35,LV_grp08_ST,0,0.536,0.9459
35,LV_grp08_ST,0,0.562,0.973
35,LV_grp08_ST,0,0.559,1
35,LV_grp08_ST,0,0.563,0.973
35,LV_grp08_ST,0,0.572,1.027
35,LV_grp08_ST,0,0.562,1
35,LV_grp08_ST,0,0.585,1.027
35,LV_grp08_ST,0,0.587,1.0541
35,LV_grp08_ST,0,0.565,0.973
35,LV_grp08_ST,0,0.577,1.027
35,LV_grp08_ST,0,0.561,1
35,LV_grp08_ST,0,0.562,0.973
35,LV_grp08_ST,0,0.567,1
35,LV_grp08_ST,0,0.576,1.027
35,LV_grp08_ST,0,0.55,0.973
35,LV_grp08_ST,0,0.55,0.9459
35,LV_grp08_ST,0,0.568,1.027
35,LV_grp08_ST,0,0.582,1
35,LV_grp08_ST,0,0.573,1
35,LV_grp08_ST,0,0.557,0.973
35,LV_grp08_ST,0,0.56,0.973
35,LV_grp08_ST,0,0.546,0.9189
35,LV_grp08_ST,0,0.523,0.8919
35,LV_grp08_ST,0,0.575,1.027
35,LV_grp08_ST,0,0.564,0.973
35,LV_cons_gamma_LIM,0,0.649,2.5676
35,LV_cons_LF,1,0.652,3.1892
35,LV_cons_LF,2,0.652,3.1892
40,LV_grp08_ST,0,0.443,0.6486
40,LV_grp08_ST,0,0.43,0.6486
40,LV_grp08_ST,0,0.435,0.6757
40,LV_grp08_ST,0,0.467,0.7297
40,LV_grp08_ST,0,0.465,0.7297
40,LV_grp08_ST,0,0.438,0.6757
40,LV_grp08_ST,0,0.44,0.6757
40,LV_grp08_ST,0,0.462,0.6757
40,LV_grp08_ST,0,0.453,0.6757
40,LV_grp08_ST,0,0.433,0.6486
40,LV_grp08_ST,0,0.437,0.6486
40,LV_grp08_ST,0,0.442,0.6757
40,LV_grp08_ST,0,0.447,0.6216
40,LV_grp08_ST,0,0.462,0.7297
40,LV_grp08_ST,0,0.45,0.6757
40,LV_grp08_ST,0,0.449,0.6486
40,LV_grp08_ST,0,0.452,0.7027
40,LV_grp08_ST,0,0.448,0.6486
40,LV_grp08_ST,0,0.458,0.6757
40,LV_grp08_ST,0,0.435,0.6486
40,LV_grp08_ST,0,0.462,0.7027
40,LV_grp08_ST,0,0.441,0.6757
40,LV_grp08_ST,0,0.468,0.7297
40,LV_grp08_ST,0,0.464,0.7568
40,LV_grp08_ST,0,0.452,0.6757
40,LV_grp08_ST,0,0.444,0.7027
40,LV_grp08_ST,0,0.448,0.6757
40,LV_grp08_ST,0,0.447,0.6757
40,LV_grp08_ST,0,0.461,0.6757
40,LV_grp08_ST,0,0.443,0.7027
40,LV_grp08_ST,0,0.442,0.6757
40,LV_grp08_ST,0,0.448,0.7027
40,LV_grp08_ST,0,0.43,0.6486
40,LV_grp08_ST,0,0.451,0.7027
40,LV_grp08_ST,0,0.45,0.6757
40,LV_grp08_ST,0,0.437,0.6757
40,LV_grp08_ST,0,0.43,0.6486
40,LV_grp08_ST,0,0.445,0.6757
40,LV_grp08_ST,0,0.41,0.6216
40,LV_grp08_ST,0,0.448,0.6486
40,LV_grp08_ST,0,0.431,0.6757
40,LV_grp08_ST,0,0.435,0.7027
40,LV_grp08_ST,0,0.434,0.6486
40,LV_grp08_ST,0,0.442,0.6216
40,LV_grp08_ST,0,0.472,0.7297
40,LV_grp08_ST,0,0.442,0.7027
40,LV_grp08_ST,0,0.471,0.7027
40,LV_grp08_ST,0,0.436,0.6757
40,LV_grp08_ST,0,0.457,0.7027
40,LV_grp08_ST,0,0.448,0.7027
40,LV_grp08_ST,0,0.431,0.6216
40,LV_grp08_ST,0,0.463,0.6757
40,LV_grp08_ST,0,0.452,0.7027
40,LV_grp08_ST,0,0.446,0.6486
40,LV_grp08_ST,0,0.451,0.7027
40,LV_grp08_ST,0,0.459,0.6757
40,LV_grp08_ST,0,0.462,0.6757
40,LV_grp08_ST,0,0.433,0.6486
40,LV_grp08_ST,0,0.465,0.7027
40,LV_grp08_ST,0,0.462,0.7568
40,LV_grp08_ST,0,0.438,0.6486
40,LV_grp08_ST,0,0.441,0.6757
40,LV_grp08_ST,0,0.433,0.6486
40,LV_grp08_ST,0,0.453,0.7297
40,LV_grp08_ST,0,0.466,0.7027
40,LV_grp08_ST,0,0.437,0.6486
40,LV_grp08_ST,0,0.445,0.6486
40,LV_grp08_ST,0,0.429,0.6216
40,LV_grp08_ST,0,0.459,0.7027
40,LV_grp08_ST,0,0.447,0.7027
40,LV_grp08_ST,0,0.466,0.7027
40,LV_grp08_ST,0,0.437,0.6486
40,LV_grp08_ST,0,0.427,0.6216
40,LV_grp08_ST,0,0.456,0.7297
40,LV_grp08_ST,0,0.426,0.6486
40,LV_grp08_ST,0,0.449,0.6757
40,LV_grp08_ST,0,0.458,0.7027
40,LV_grp08_ST,0,0.485,0.7297
40,LV_grp08_ST,0,0.443,0.6757
40,LV_grp08_ST,0,0.456,0.6757
40,LV_grp08_ST,0,0.471,0.7297
40,LV_grp08_ST,0,0.429,0.6486
40,LV_grp08_ST,0,0.435,0.6486
40,LV_grp08_ST,0,0.429,0.6757
40,LV_grp08_ST,0,0.447,0.6757
40,LV_grp08_ST,0,0.447,0.7027
40,LV_grp08_ST,0,0.428,0.6216
40,LV_grp08_ST,0,0.452,0.7027
40,LV_grp08_ST,0,0.453,0.6486
40,LV_grp08_ST,0,0.466,0.6757
40,LV_grp08_ST,0,0.435,0.6757
40,LV_grp08_ST,0,0.475,0.7297
40,LV_grp08_ST,0,0.443,0.6757
40,LV_grp08_ST,0,0.447,0.7027
40,LV_grp08_ST,0,0.456,0.7027
40,LV_grp08_ST,0,0.47,0.7297
40,LV_grp08_ST,0,0.455,0.7027
40,LV_grp08_ST,0,0.457,0.6757
40,LV_grp08_ST,0,0.466,0.7297
40,LV_grp08_ST,0,0.466,0.7027
40,LV_cons_gamma_LIM,0,0.59,3.8108
40,LV_cons_LF,1,0.596,3.8919
40,LV_cons_LF,2,0.596,3.8919
45,LV_grp08_ST,0,0.455,0.7838
45,LV_grp08_ST,0,0.434,0.7297
45,LV_grp08_ST,0,0.422,0.7297
45,LV_grp08_ST,0,0.463,0.7838
45,LV_grp08_ST,0,0.422,0.7027
45,LV_grp08_ST,0,0.426,0.7027
45,LV_grp08_ST,0,0.448,0.7568
45,LV_grp08_ST,0,0.463,0.8108
45,LV_grp08_ST,0,0.445,0.7568
45,LV_grp08_ST,0,0.446,0.7568
45,LV_grp08_ST,0,0.421,0.7027
45,LV_grp08_ST,0,0.452,0.7838
45,LV_grp08_ST,0,0.458,0.7838
45,LV_grp08_ST,0,0.458,0.8108
45,LV_grp08_ST,0,0.465,0.8108
45,LV_grp08_ST,0,0.439,0.7027
45,LV_grp08_ST,0,0.43,0.7568
45,LV_grp08_ST,0,0.425,0.7297
45,LV_grp08_ST,0,0.439,0.7568
45,LV_grp08_ST,0,0.466,0.8108
45,LV_grp08_ST,0,0.427,0.7297
45,LV_grp08_ST,0,0.46,0.7838
45,LV_grp08_ST,0,0.416,0.7297
45,LV_grp08_ST,0,0.463,0.7568
45,LV_grp08_ST,0,0.435,0.7568
45,LV_grp08_ST,0,0.432,0.7568
45,LV_grp08_ST,0,0.418,0.7297
45,LV_grp08_ST,0,0.437,0.7027
45,LV_grp08_ST,0,0.447,0.7838
45,LV_grp08_ST,0,0.447,0.7568
45,LV_grp08_ST,0,0.446,0.7568
45,LV_grp08_ST,0,0.427,0.7297
45,LV_grp08_ST,0,0.479,0.8108
45,LV_grp08_ST,0,0.461,0.7838
45,LV_grp08_ST,0,0.422,0.7297
45,LV_grp08_ST,0,0.432,0.7297
45,LV_grp08_ST,0,0.433,0.7568
45,LV_grp08_ST,0,0.427,0.7027
45,LV_grp08_ST,0,0.423,0.6757
45,LV_grp08_ST,0,0.437,0.7568
45,LV_grp08_ST,0,0.414,0.7297
45,LV_grp08_ST,0,0.44,0.7568
45,LV_grp08_ST,0,0.436,0.7297
45,LV_grp08_ST,0,0.421,0.7568
45,LV_grp08_ST,0,0.437,0.7297
45,LV_grp08_ST,0,0.436,0.7838
45,LV_grp08_ST,0,0.462,0.8108
45,LV_grp08_ST,0,0.423,0.7297
45,LV_grp08_ST,0,0.445,0.7568
45,LV_grp08_ST,0,0.447,0.7297
45,LV_grp08_ST,0,0.467,0.8108
45,LV_grp08_ST,0,0.442,0.7568
45,LV_grp08_ST,0,0.472,0.7838
45,LV_grp08_ST,0,0.424,0.7297
45,LV_grp08_ST,0,0.436,0.7297
45,LV_grp08_ST,0,0.43,0.7297
45,LV_grp08_ST,0,0.453,0.7568
45,LV_grp08_ST,0,0.445,0.7297
45,LV_grp08_ST,0,0.427,0.7027
45,LV_grp08_ST,0,0.451,0.7838
45,LV_grp08_ST,0,0.419,0.7027
45,LV_grp08_ST,0,0.463,0.7568
45,LV_grp08_ST,0,0.429,0.7297
45,LV_grp08_ST,0,0.42,0.7297
45,LV_grp08_ST,0,0.431,0.7297
45,LV_grp08_ST,0,0.438,0.7838
45,LV_grp08_ST,0,0.41,0.7027
45,LV_grp08_ST,0,0.448,0.7297
45,LV_grp08_ST,0,0.461,0.8108
45,LV_grp08_ST,0,0.431,0.7027
45,LV_grp08_ST,0,0.419,0.7027
45,LV_grp08_ST,0,0.429,0.7568
45,LV_grp08_ST,0,0.46,0.8108
45,LV_grp08_ST,0,0.446,0.7297
45,LV_grp08_ST,0,0.447,0.7297
45,LV_grp08_ST,0,0.441,0.7297
45,LV_grp08_ST,0,0.437,0.7297
45,LV_grp08_ST,0,0.425,0.7027
45,LV_grp08_ST,0,0.424,0.7297
45,LV_grp08_ST,0,0.439,0.7568
45,LV_grp08_ST,0,0.423,0.7297
45,LV_grp08_ST,0,0.434,0.7568
45,LV_grp08_ST,0,0.43,0.7297
45,LV_grp08_ST,0,0.428,0.7568
45,LV_grp08_ST,0,0.441,0.7297
45,LV_grp08_ST,0,0.456,0.7838
45,LV_grp08_ST,0,0.441,0.7568
45,LV_grp08_ST,0,0.431,0.7568
45,LV_grp08_ST,0,0.433,0.7297
45,LV_grp08_ST,0,0.444,0.7297
45,LV_grp08_ST,0,0.424,0.7297
45,LV_grp08_ST,0,0.465,0.8108
45,LV_grp08_ST,0,0.411,0.7027
45,LV_grp08_ST,0,0.418,0.7297
45,LV_grp08_ST,0,0.421,0.7297
45,LV_grp08_ST,0,0.454,0.8108
45,LV_grp08_ST,0,0.453,0.7838
45,LV_grp08_ST,0,0.447,0.7297
45,LV_grp08_ST,0,0.446,0.7838
45,LV_grp08_ST,0,0.442,0.7838
45,LV_cons_gamma_LIM,0,0.566,3.6216
45,LV_cons_LF,1,0.575,4.1351
45,LV_cons_LF,2,0.575,4.1351
50,LV_grp08_ST,0,0.255,0.6216
50,LV_grp08_ST,0,0.243,0.5946
50,LV_grp08_ST,0,0.263,0.6486
50,LV_grp08_ST,0,0.239,0.6216
50,LV_grp08_ST,0,0.276,0.7027
50,LV_grp08_ST,0,0.245,0.5946
50,LV_grp08_ST,0,0.275,0.6757
50,LV_grp08_ST,0,0.254,0.6216
50,LV_grp08_ST,0,0.248,0.6216
50,LV_grp08_ST,0,0.288,0.7027
50,LV_grp08_ST,0,0.239,0.6486
50,LV_grp08_ST,0,0.243,0.6486
50,LV_grp08_ST,0,0.256,0.6486
50,LV_grp08_ST,0,0.244,0.6216
50,LV_grp08_ST,0,0.247,0.6216
50,LV_grp08_ST,0,0.237,0.6486
50,LV_grp08_ST,0,0.257,0.6757
50,LV_grp08_ST,0,0.271,0.6757
50,LV_grp08_ST,0,0.237,0.5676
50,LV_grp08_ST,0,0.236,0.6216
50,LV_grp08_ST,0,0.221,0.5946
50,LV_grp08_ST,0,0.241,0.6486
50,LV_grp08_ST,0,0.245,0.6216
50,LV_grp08_ST,0,0.245,0.6486
50,LV_grp08_ST,0,0.288,0.7027
50,LV_grp08_ST,0,0.27,0.6486
50,LV_grp08_ST,0,0.262,0.6216
50,LV_grp08_ST,0,0.26,0.6757
50,LV_grp08_ST,0,0.276,0.6757
50,LV_grp08_ST,0,0.268,0.6757
50,LV_grp08_ST,0,0.238,0.6486
50,LV_grp08_ST,0,0.268,0.6216
50,LV_grp08_ST,0,0.253,0.6757
50,LV_grp08_ST,0,0.248,0.6486
50,LV_grp08_ST,0,0.246,0.6486
50,LV_grp08_ST,0,0.258,0.6757
50,LV_grp08_ST,0,0.258,0.6486
50,LV_grp08_ST,0,0.248,0.6216
50,LV_grp08_ST,0,0.25,0.6216
50,LV_grp08_ST,0,0.25,0.6216
50,LV_grp08_ST,0,0.25,0.6757
50,LV_grp08_ST,0,0.257,0.6757
50,LV_grp08_ST,0,0.25,0.6216
50,LV_grp08_ST,0,0.253,0.6757
50,LV_grp08_ST,0,0.282,0.6757
50,LV_grp08_ST,0,0.265,0.6757
50,LV_grp08_ST,0,0.264,0.6486
50,LV_grp08_ST,0,0.264,0.6216
50,LV_grp08_ST,0,0.246,0.6216
50,LV_grp08_ST,0,0.275,0.7027
50,LV_grp08_ST,0,0.246,0.6757
50,LV_grp08_ST,0,0.283,0.7027
50,LV_grp08_ST,0,0.242,0.5946
50,LV_grp08_ST,0,0.26,0.7027
50,LV_grp08_ST,0,0.276,0.7027
50,LV_grp08_ST,0,0.25,0.6757
50,LV_grp08_ST,0,0.253,0.6216
50,LV_grp08_ST,0,0.242,0.6216
50,LV_grp08_ST,0,0.241,0.6486
50,LV_grp08_ST,0,0.288,0.7568
50,LV_grp08_ST,0,0.26,0.6486
50,LV_grp08_ST,0,0.226,0.5946
50,LV_grp08_ST,0,0.26,0.6216
50,LV_grp08_ST,0,0.278,0.7027
50,LV_grp08_ST,0,0.267,0.6757
50,LV_grp08_ST,0,0.25,0.6216
50,LV_grp08_ST,0,0.241,0.6216
50,LV_grp08_ST,0,0.247,0.5676
50,LV_grp08_ST,0,0.251,0.6486
50,LV_grp08_ST,0,0.271,0.6486
50,LV_grp08_ST,0,0.242,0.6216
50,LV_grp08_ST,0,0.24,0.6486
50,LV_grp08_ST,0,0.258,0.6486
50,LV_grp08_ST,0,0.257,0.6216
50,LV_grp08_ST,0,0.234,0.5946
50,LV_grp08_ST,0,0.251,0.6486
50,LV_grp08_ST,0,0.268,0.6486
50,LV_grp08_ST,0,0.29,0.7568
50,LV_grp08_ST,0,0.253,0.6216
50,LV_grp08_ST,0,0.265,0.6757
50,LV_grp08_ST,0,0.251,0.6216
50,LV_grp08_ST,0,0.239,0.6216
50,LV_grp08_ST,0,0.24,0.5946
50,LV_grp08_ST,0,0.25,0.6486
50,LV_grp08_ST,0,0.264,0.6486
50,LV_grp08_ST,0,0.269,0.6757
50,LV_grp08_ST,0,0.255,0.6486
50,LV_grp08_ST,0,0.264,0.6757
50,LV_grp08_ST,0,0.226,0.6216
50,LV_grp08_ST,0,0.259,0.6216
50,LV_grp08_ST,0,0.264,0.6757
50,LV_grp08_ST,0,0.274,0.7027
50,LV_grp08_ST,0,0.24,0.6216
50,LV_grp08_ST,0,0.253,0.6757
50,LV_grp08_ST,0,0.267,0.6486
50,LV_grp08_ST,0,0.272,0.7027
50,LV_grp08_ST,0,0.244,0.5676
50,LV_grp08_ST,0,0.247,0.6757
50,LV_grp08_ST,0,0.237,0.6216
50,LV_grp08_ST,0,0.266,0.6757
50,LV_cons_gamma_LIM,0,0.467,5.7838
50,LV_cons_LF,1,0.462,5.5946
50,LV_cons_LF,2,0.462,5.5946
55,LV_grp08_ST,0,0.202,0.5676
55,LV_grp08_ST,0,0.191,0.4865
55,LV_grp08_ST,0,0.196,0.4865
55,LV_grp08_ST,0,0.188,0.4595
55,LV_grp08_ST,0,0.198,0.5135
55,LV_grp08_ST,0,0.195,0.5135
55,LV_grp08_ST,0,0.204,0.5405
55,LV_grp08_ST,0,0.194,0.5405
55,LV_grp08_ST,0,0.203,0.4865
55,LV_grp08_ST,0,0.188,0.4865
55,LV_grp08_ST,0,0.211,0.5405
55,LV_grp08_ST,0,0.19,0.4865
55,LV_grp08_ST,0,0.198,0.4595
55,LV_grp08_ST,0,0.186,0.4595
55,LV_grp08_ST,0,0.186,0.4595
55,LV_grp08_ST,0,0.221,0.5676
55,LV_grp08_ST,0,0.178,0.4595
55,LV_grp08_ST,0,0.207,0.5405
55,LV_grp08_ST,0,0.208,0.5676
55,LV_grp08_ST,0,0.212,0.5676
55,LV_grp08_ST,0,0.2,0.5405
55,LV_grp08_ST,0,0.173,0.4595
55,LV_grp08_ST,0,0.227,0.5946
55,LV_grp08_ST,0,0.191,0.4865
55,LV_grp08_ST,0,0.186,0.5405
55,LV_grp08_ST,0,0.207,0.5135
55,LV_grp08_ST,0,0.19,0.4865
55,LV_grp08_ST,0,0.221,0.5676
55,LV_grp08_ST,0,0.21,0.5405
55,LV_grp08_ST,0,0.206,0.5405
55,LV_grp08_ST,0,0.192,0.5135
55,LV_grp08_ST,0,0.193,0.5135
55,LV_grp08_ST,0,0.2,0.5135
55,LV_grp08_ST,0,0.202,0.5135
55,LV_grp08_ST,0,0.206,0.5405
55,LV_grp08_ST,0,0.222,0.6216
55,LV_grp08_ST,0,0.206,0.5946
55,LV_grp08_ST,0,0.206,0.5676
55,LV_grp08_ST,0,0.218,0.5405
55,LV_grp08_ST,0,0.209,0.5405
55,LV_grp08_ST,0,0.199,0.5135
55,LV_grp08_ST,0,0.191,0.4595
55,LV_grp08_ST,0,0.199,0.5135
55,LV_grp08_ST,0,0.183,0.5135
55,LV_grp08_ST,0,0.194,0.5135
55,LV_grp08_ST,0,0.205,0.5135
55,LV_grp08_ST,0,0.205,0.5135
55,LV_grp08_ST,0,0.202,0.5135
55,LV_grp08_ST,0,0.2,0.5676
55,LV_grp08_ST,0,0.211,0.5405
55,LV_grp08_ST,0,0.203,0.5405
55,LV_grp08_ST,0,0.192,0.4865
55,LV_grp08_ST,0,0.206,0.5135
55,LV_grp08_ST,0,0.208,0.5405
55,LV_grp08_ST,0,0.229,0.6216
55,LV_grp08_ST,0,0.2,0.5405
55,LV_grp08_ST,0,0.201,0.5405
55,LV_grp08_ST,0,0.204,0.5135
55,LV_grp08_ST,0,0.191,0.4865
55,LV_grp08_ST,0,0.197,0.5135
55,LV_grp08_ST,0,0.214,0.5405
55,LV_grp08_ST,0,0.209,0.5946
55,LV_grp08_ST,0,0.199,0.5405
55,LV_grp08_ST,0,0.207,0.5405
55,LV_grp08_ST,0,0.186,0.5135
55,LV_grp08_ST,0,0.207,0.5135
55,LV_grp08_ST,0,0.217,0.5946
55,LV_grp08_ST,0,0.2,0.5135
55,LV_grp08_ST,0,0.189,0.5405
55,LV_grp08_ST,0,0.234,0.5946
55,LV_grp08_ST,0,0.198,0.5135
55,LV_grp08_ST,0,0.201,0.4865
55,LV_grp08_ST,0,0.211,0.5405
55,LV_grp08_ST,0,0.211,0.5135
55,LV_grp08_ST,0,0.177,0.4865
55,LV_grp08_ST,0,0.201,0.5405
55,LV_grp08_ST,0,0.201,0.4865
55,LV_grp08_ST,0,0.202,0.5135
55,LV_grp08_ST,0,0.188,0.4865
55,LV_grp08_ST,0,0.2,0.5135
55,LV_grp08_ST,0,0.187,0.4595
55,LV_grp08_ST,0,0.186,0.4595
55,LV_grp08_ST,0,0.209,0.5405
55,LV_grp08_ST,0,0.199,0.4865
55,LV_grp08_ST,0,0.201,0.5135
55,LV_grp08_ST,0,0.188,0.5135
55,LV_grp08_ST,0,0.216,0.5676
55,LV_grp08_ST,0,0.206,0.5405
55,LV_grp08_ST,0,0.2,0.5405
55,LV_grp08_ST,0,0.221,0.5676
55,LV_grp08_ST,0,0.192,0.4865
55,LV_grp08_ST,0,0.207,0.5405
55,LV_grp08_ST,0,0.21,0.5405
55,LV_grp08_ST,0,0.205,0.5676
55,LV_grp08_ST,0,0.201,0.5135
55,LV_grp08_ST,0,0.208,0.5405
55,LV_grp08_ST,0,0.198,0.4865
55,LV_grp08_ST,0,0.204,0.5676
55,LV_grp08_ST,0,0.202,0.5405
55,LV_grp08_ST,0,0.201,0.5135
55,LV_cons_gamma_LIM,0,0.438,5.5676
55,LV_cons_LF,1,0.434,5.7838
55,LV_cons_LF,2,0.434,5.7838
60,LV_grp08_ST,0,0.19,0.6757
60,LV_grp08_ST,0,0.193,0.7027
60,LV_grp08_ST,0,0.166,0.5946
60,LV_grp08_ST,0,0.187,0.6486
60,LV_grp08_ST,0,0.178,0.6216
60,LV_grp08_ST,0,0.189,0.6486
60,LV_grp08_ST,0,0.164,0.5676
60,LV_grp08_ST,0,0.19,0.6486
60,LV_grp08_ST,0,0.197,0.6486
60,LV_grp08_ST,0,0.191,0.5946
60,LV_grp08_ST,0,0.179,0.6216
60,LV_grp08_ST,0,0.168,0.5676
60,LV_grp08_ST,0,0.182,0.6486
60,LV_grp08_ST,0,0.19,0.6486
60,LV_grp08_ST,0,0.166,0.6216
60,LV_grp08_ST,0,0.185,0.6757
60,LV_grp08_ST,0,0.16,0.5676
60,LV_grp08_ST,0,0.189,0.6486
60,LV_grp08_ST,0,0.18,0.6216
60,LV_grp08_ST,0,0.18,0.6486
60,LV_grp08_ST,0,0.19,0.6216
60,LV_grp08_ST,0,0.162,0.5946
60,LV_grp08_ST,0,0.19,0.6216
60,LV_grp08_ST,0,0.202,0.6757
60,LV_grp08_ST,0,0.177,0.6486
60,LV_grp08_ST,0,0.198,0.7027
60,LV_grp08_ST,0,0.185,0.6216
60,LV_grp08_ST,0,0.18,0.5946
60,LV_grp08_ST,0,0.163,0.5946
60,LV_grp08_ST,0,0.186,0.6757
60,LV_grp08_ST,0,0.19,0.6757
60,LV_grp08_ST,0,0.184,0.5946
60,LV_grp08_ST,0,0.177,0.6486
60,LV_grp08_ST,0,0.198,0.7027
60,LV_grp08_ST,0,0.165,0.5676
60,LV_grp08_ST,0,0.17,0.6486
60,LV_grp08_ST,0,0.196,0.7027
60,LV_grp08_ST,0,0.176,0.6216
60,LV_grp08_ST,0,0.188,0.6216
60,LV_grp08_ST,0,0.16,0.5946
60,LV_grp08_ST,0,0.18,0.6486
60,LV_grp08_ST,0,0.174,0.6216
60,LV_grp08_ST,0,0.177,0.6216
60,LV_grp08_ST,0,0.179,0.6216
60,LV_grp08_ST,0,0.19,0.6216
60,LV_grp08_ST,0,0.174,0.5946
60,LV_grp08_ST,0,0.213,0.6757
60,LV_grp08_ST,0,0.184,0.6757
60,LV_grp08_ST,0,0.164,0.5676
60,LV_grp08_ST,0,0.189,0.6486
60,LV_grp08_ST,0,0.181,0.6486
60,LV_grp08_ST,0,0.186,0.6486
60,LV_grp08_ST,0,0.168,0.6216
60,LV_grp08_ST,0,0.161,0.5676
60,LV_grp08_ST,0,0.175,0.6216
60,LV_grp08_ST,0,0.198,0.6486
60,LV_grp08_ST,0,0.154,0.5676
60,LV_grp08_ST,0,0.184,0.6216
60,LV_grp08_ST,0,0.193,0.6486
60,LV_grp08_ST,0,0.187,0.6757
60,LV_grp08_ST,0,0.188,0.6216
60,LV_grp08_ST,0,0.196,0.6757
60,LV_grp08_ST,0,0.174,0.6486
60,LV_grp08_ST,0,0.194,0.6486
60,LV_grp08_ST,0,0.188,0.6757
60,LV_grp08_ST,0,0.174,0.6216
60,LV_grp08_ST,0,0.183,0.6486
60,LV_grp08_ST,0,0.187,0.6486
60,LV_grp08_ST,0,0.186,0.6486
60,LV_grp08_ST,0,0.188,0.6216
60,LV_grp08_ST,0,0.175,0.6216
60,LV_grp08_ST,0,0.162,0.5946
60,LV_grp08_ST,0,0.175,0.6486
60,LV_grp08_ST,0,0.192,0.6757
60,LV_grp08_ST,0,0.178,0.6216
60,LV_grp08_ST,0,0.187,0.6216
60,LV_grp08_ST,0,0.17,0.6216
60,LV_grp08_ST,0,0.18,0.6216
60,LV_grp08_ST,0,0.169,0.5946
60,LV_grp08_ST,0,0.191,0.6486
60,LV_grp08_ST,0,0.169,0.6216
60,LV_grp08_ST,0,0.183,0.6486
60,LV_grp08_ST,0,0.186,0.6757
60,LV_grp08_ST,0,0.181,0.6216
60,LV_grp08_ST,0,0.19,0.6486
60,LV_grp08_ST,0,0.182,0.6486
60,LV_grp08_ST,0,0.185,0.6757
60,LV_grp08_ST,0,0.197,0.6757
60,LV_grp08_ST,0,0.178,0.6216
60,LV_grp08_ST,0,0.175,0.6216
60,LV_grp08_ST,0,0.187,0.6486
60,LV_grp08_ST,0,0.187,0.6486
60,LV_grp08_ST,0,0.165,0.5946
60,LV_grp08_ST,0,0.168,0.5946
60,LV_grp08_ST,0,0.171,0.5946
60,LV_grp08_ST,0,0.191,0.6486
60,LV_grp08_ST,0,0.164,0.5676
60,LV_grp08_ST,0,0.193,0.6486
60,LV_grp08_ST,0,0.215,0.7297
60,LV_grp08_ST,0,0.189,0.6486
60,LV_cons_gamma_LIM,0,0.436,7.1081
60,LV_cons_LF,1,0.434,7.3243
60,LV_cons_LF,2,0.434,7.3243
