sede_op_ateco;NACE;NACE_group;Colonna1
01.61.00;01;OTH;
01.41.00;01;OTH;
01.61.00;01;OTH;
01.47.00;01;OTH;
01.61.00;01;OTH;
01.61.00;01;OTH;
01.61.00;01;OTH;
01.63.00;01;OTH;
01.27.00;01;OTH;
01.63.00;01;OTH;
03.21.00;03;OTH;
03.21.00;03;OTH;
10.83.01;10;MAN;
10.72.00;10;MAN;
10.83.01;10;MAN;
10.86.00;10;MAN;
10.13.00;10;MAN;
10.11.00;10;MAN;
10.85.04;10;MAN;
10.83.02;10;MAN;
10.86.00;10;MAN;
10.13.00;10;MAN;
10.85.04;10;MAN;
10.86.00;10;MAN;
10.72.00;10;MAN;
10.61.40;10;MAN;
10.89.09;10;MAN;
10.13.00;10;MAN;
10.73.00;10;MAN;
10.86.00;10;MAN;
10.86.00;10;MAN;
10.83.02;10;MAN;
11.01.00;11;MAN;
11.02.20;11;MAN;
11.02.10;11;MAN;
13.20.0;13;MAN;
13.30.00;13;MAN;
13.20.0;13;MAN;
13.92.20;13;MAN;
13.95.00;13;MAN;
13.92.20;13;MAN;
14.13.10;14;MAN;
14.13.10;14;MAN;
14.13.10;14;MAN;
14.13.20;14;MAN;
15.93.1;15;MAN;
15.83.0;15;MAN;
16.29.20;16;MAN;
16.21.00;16;MAN;
16.23.10;16;MAN;
16.21.00;16;MAN;
16.29.20;16;MAN;
16.21.00;16;MAN;
18.12.00;18;MAN;
18.12.00;18;MAN;
18.12.00;18;MAN;
18.12.00;18;MAN;
18.12.00;18;MAN;
18.12.00;18;MAN;
18.13.00;18;MAN;
18.12.00;18;MAN;
18.12.00;18;MAN;
20.59.40;20;MAN;
20.13.09;20;MAN;
20.30.00;20;MAN;
20.30.00;20;MAN;
20.59.40;20;MAN;
20.30.2;20;MAN;
20.59.40;20;MAN;
20.51.1;20;MAN;
20.51.02;20;MAN;
20.13.09;20;MAN;
20.13.09;20;MAN;
20.42.00;20;MAN;
20.42.00;20;MAN;
20.59.40;20;MAN;
20.30.00;20;MAN;
20.13.09;20;MAN;
20.30.2;20;MAN;
20.41.10;20;MAN;
20.51.02;20;MAN;
20.30.00;20;MAN;
20.59.40;20;MAN;
20.30.2;20;MAN;
-200;-200;OTH;
-200;-200;OTH;
-200;-200;OTH;
-200;-200;OTH;
-200;-200;OTH;
-200;-200;OTH;
-200;-200;OTH;
21.20.09;21;PHA;
21.20.09;21;PHA;
21.10.00;21;PHA;
21.10.00;21;PHA;
21.10.00;21;PHA;
21.10.00;21;PHA;
21.20.09;21;PHA;
21.10.00;21;PHA;
21.20.09;21;PHA;
21.20.09;21;PHA;
21.11.0;21;PHA;
21.20.09;21;PHA;
21.20.09;21;PHA;
21.10.00;21;PHA;
22.29.09;22;MMP;
22.29.09;22;MMP;
22.21.00;22;MMP;
22.22.00;22;MMP;
22.22.00;22;MMP;
22.22.00;22;MMP;
22.21.00;22;MMP;
22.23.09;22;MMP;
22.23.09;22;MMP;
22.29.09;22;MMP;
22.23.09;22;MMP;
22.29.09;22;MMP;
22.29.09;22;MMP;
22.23.09;22;MMP;
22.22.00;22;MMP;
22.29.09;22;MMP;
22.29.09;22;MMP;
22.29.09;22;MMP;
22.29.09;22;MMP;
22.29.09;22;MMP;
22.19.09;22;MMP;
22.22.00;22;MMP;
22.21.00;22;MMP;
23.12.00;23;MMP;
23.61.00;23;MMP;
23.70.20;23;MMP;
23.13.00;23;MMP;
23.61.00;23;MMP;
23.99.00;23;MMP;
23.69.00;23;MMP;
23.61.00;23;MMP;
23.69.00;23;MMP;
23.13.00;23;MMP;
23.70.20;23;MMP;
23.61.00;23;MMP;
23.61.00;23;MMP;
23.61.00;23;MMP;
24.41.0;24;MMP;
24.66.4;24;MMP;
24.10.00;24;MMP;
24.52.00;24;MMP;
24.10.00;24;MMP;
24.10.00;24;MMP;
24.52.00;24;MMP;
24.10.00;24;MMP;
24.52.00;24;MMP;
24.53.00;24;MMP;
24.34.00;24;MMP;
24.13.0;24;MMP;
24.52.00;24;MMP;
24.20.20;24;MMP;
24.10.00;24;MMP;
24.66.4;24;MMP;
24.10.00;24;MMP;
24.53.00;24;MMP;
24.53.00;24;MMP;
24.51.00;24;MMP;
24.52.00;24;MMP;
24.20.20;24;MMP;
24.53.00;24;MMP;
24.20.20;24;MMP;
24.52.00;24;MMP;
24.10.00;24;MMP;
24.53.00;24;MMP;
24.10.00;24;MMP;
24.53.00;24;MMP;
25.11.00;25;MAN;
25.11.00;25;MAN;
25.62.00;25;MAN;
25.50.00;25;MAN;
25.62.00;25;MAN;
25.11.00;25;MAN;
25.11.00;25;MAN;
25.29.00;25;MAN;
25.62.00;25;MAN;
25.99.99;25;MAN;
25.11.00;25;MAN;
25.50.00;25;MAN;
25.62.00;25;MAN;
25.11.00;25;MAN;
25.99.30;25;MAN;
25.11.00;25;MAN;
25.12.10;25;MAN;
25.11.00;25;MAN;
25.62.00;25;MAN;
25.94.00;25;MAN;
25.29.00;25;MAN;
25.11.00;25;MAN;
25.24.0;25;MAN;
25.99.99;25;MAN;
25.12.10;25;MAN;
25.73.12;25;MAN;
25.62.00;25;MAN;
25.13.0;25;MAN;
25.99.99;25;MAN;
25.62.00;25;MAN;
25.11.00;25;MAN;
25.50.00;25;MAN;
25.50.00;25;MAN;
25.50.00;25;MAN;
25.73.20;25;MAN;
25.99.30;25;MAN;
25.73.12;25;MAN;
25.50.00;25;MAN;
25.62.00;25;MAN;
25.50.00;25;MAN;
25.94.00;25;MAN;
25.11.00;25;MAN;
25.73.12;25;MAN;
25.11.00;25;MAN;
25.50.00;25;MAN;
25.62.00;25;MAN;
25.50.00;25;MAN;
25.99.99;25;MAN;
25.73.20;25;MAN;
25.12.20;25;MAN;
25.61.00;25;MAN;
25.73.12;25;MAN;
25.71.00;25;MAN;
25.11.00;25;MAN;
25.99.99;25;MAN;
25.11.00;25;MAN;
25.11.00;25;MAN;
25.29.00;25;MAN;
25.12.10;25;MAN;
25.11.00;25;MAN;
25.99.99;25;MAN;
25.29.00;25;MAN;
25.99.99;25;MAN;
25.62.00;25;MAN;
25.11.00;25;MAN;
25.62.00;25;MAN;
25.62.00;25;MAN;
25.62.00;25;MAN;
25.62.00;25;MAN;
25.29.00;25;MAN;
25.11.00;25;MAN;
25.62.00;25;MAN;
25.62.00;25;MAN;
25.62.00;25;MAN;
25.11.00;25;MAN;
25.73.12;25;MAN;
25.50.00;25;MAN;
25.50.00;25;MAN;
25.29.00;25;MAN;
25.29.00;25;MAN;
26.30.29;26;MAN;
26.60.02;26;MAN;
26.11.09;26;MAN;
26.40.01;26;MAN;
26.51.10;26;MAN;
26.30.29;26;MAN;
26.20.00;26;MAN;
26.51.29;26;MAN;
26.20.00;26;MAN;
26.51.10;26;MAN;
26.51.0;26;MAN;
26.12.00;26;MAN;
26.60.02;26;MAN;
26.30.29;26;MAN;
26.30.29;26;MAN;
26.20.00;26;MAN;
26.30.10;26;MAN;
26.11.09;26;MAN;
26.30.29;26;MAN;
26.30.29;26;MAN;
26.22.0;26;MAN;
26.40.02;26;MAN;
26.20.00;26;MAN;
26.12.00;26;MAN;
26.40.02;26;MAN;
26.20.00;26;MAN;
26.20.00;26;MAN;
26.20.00;26;MAN;
26.60.02;26;MAN;
26.20.00;26;MAN;
26.70.20;26;MAN;
26.70.20;26;MAN;
26.51.29;26;MAN;
26.20.00;26;MAN;
26.60.02;26;MAN;
26.51.29;26;MAN;
26.12.00;26;MAN;
26.51.29;26;MAN;
26.30.29;26;MAN;
26.30.29;26;MAN;
26.30.29;26;MAN;
26.30.29;26;MAN;
26.20.00;26;MAN;
26.51.29;26;MAN;
26.20.00;26;MAN;
26.20.00;26;MAN;
26.20.00;26;MAN;
26.20.00;26;MAN;
26.51.29;26;MAN;
26.12.00;26;MAN;
26.11.01;26;MAN;
26.12.00;26;MAN;
26.20.00;26;MAN;
26.51.29;26;MAN;
26.12.00;26;MAN;
26.70.11;26;MAN;
26.20.00;26;MAN;
26.51.29;26;MAN;
26.12.00;26;MAN;
26.20.00;26;MAN;
26.30.29;26;MAN;
26.20.00;26;MAN;
26.51.10;26;MAN;
26.12.00;26;MAN;
26.20.00;26;MAN;
26.20.00;26;MAN;
26.60.02;26;MAN;
26.20.00;26;MAN;
26.20.00;26;MAN;
26.40.01;26;MAN;
26.20.00;26;MAN;
26.30.29;26;MAN;
26.20.00;26;MAN;
26.30.21;26;MAN;
26.30.29;26;MAN;
26.30.29;26;MAN;
26.20.00;26;MAN;
26.51.29;26;MAN;
27.11.00;27;MAN;
27.90.09;27;MAN;
27.90.09;27;MAN;
27.53.0;27;MAN;
27.90.09;27;MAN;
27.11.00;27;MAN;
27.90.09;27;MAN;
27.51.00;27;MAN;
27.90.09;27;MAN;
27.40.01;27;MAN;
27.40.01;27;MAN;
27.40.09;27;MAN;
27.12.00;27;MAN;
27.90.02;27;MAN;
27.90.09;27;MAN;
27.51.00;27;MAN;
27.51.00;27;MAN;
27.40.09;27;MAN;
27.90.09;27;MAN;
27.90.09;27;MAN;
27.90.09;27;MAN;
27.90.09;27;MAN;
27.11.00;27;MAN;
27.40.01;27;MAN;
27.90.09;27;MAN;
27.12.00;27;MAN;
27.40.01;27;MAN;
27.40.01;27;MAN;
27.51.00;27;MAN;
28.22.09;28;MAN;
28.14.00;28;MAN;
28.21.10;28;MAN;
28.94.10;28;MAN;
28.96.00;28;MAN;
28.25.00;28;MAN;
28.93.00;28;MAN;
28.29.99;28;MAN;
28.49.09;28;MAN;
28.11.11;28;MAN;
28.94.10;28;MAN;
28.91.00;28;MAN;
28.62.B;28;MAN;
28.25.00;28;MAN;
28.22.09;28;MAN;
28.75.5;28;MAN;
28.91.00;28;MAN;
28.29.99;28;MAN;
28.41.00;28;MAN;
28.25.00;28;MAN;
28.25.00;28;MAN;
28.93.00;28;MAN;
28.49.09;28;MAN;
28.91.00;28;MAN;
28.91.00;28;MAN;
28.91.00;28;MAN;
28.11.0;28;MAN;
28.25.00;28;MAN;
28.25.00;28;MAN;
28.30.90;28;MAN;
28.91.00;28;MAN;
28.11.0;28;MAN;
28.25.00;28;MAN;
28.11.11;28;MAN;
28.25.00;28;MAN;
28.92.09;28;MAN;
28.29.99;28;MAN;
28.29.99;28;MAN;
28.29.20;28;MAN;
28.29.99;28;MAN;
28.29.99;28;MAN;
28.22.09;28;MAN;
28.30.90;28;MAN;
28.25.00;28;MAN;
28.49.09;28;MAN;
28.15.10;28;MAN;
28.75.5;28;MAN;
28.29.99;28;MAN;
28.49.09;28;MAN;
28.29.99;28;MAN;
28.41.00;28;MAN;
28.91.00;28;MAN;
28.99.20;28;MAN;
28.49.09;28;MAN;
28.25.00;28;MAN;
28.11.11;28;MAN;
28.75.5;28;MAN;
28.29.99;28;MAN;
28.29.99;28;MAN;
28.21.10;28;MAN;
28.52.0;28;MAN;
28.22.01;28;MAN;
28.25.00;28;MAN;
28.49.01;28;MAN;
28.21.10;28;MAN;
28.25.00;28;MAN;
28.12.2;28;MAN;
28.25.00;28;MAN;
28.25.00;28;MAN;
28.15.10;28;MAN;
28.52.0;28;MAN;
28.49.09;28;MAN;
28.13.00;28;MAN;
28.11.0;28;MAN;
28.99.20;28;MAN;
28.22.09;28;MAN;
28.91.00;28;MAN;
28.99.20;28;MAN;
28.92.09;28;MAN;
28.49.09;28;MAN;
28.99.20;28;MAN;
28.49.09;28;MAN;
28.21.10;28;MAN;
28.99.20;28;MAN;
28.25.00;28;MAN;
28.91.00;28;MAN;
28.14.00;28;MAN;
28.25.00;28;MAN;
28.21.10;28;MAN;
28.25.00;28;MAN;
28.91.00;28;MAN;
28.30.90;28;MAN;
28.25.00;28;MAN;
28.29.91;28;MAN;
28.91.00;28;MAN;
28.29.99;28;MAN;
28.96.00;28;MAN;
28.29.99;28;MAN;
28.29.99;28;MAN;
28.25.00;28;MAN;
28.25.00;28;MAN;
28.13.00;28;MAN;
28.94.10;28;MAN;
28.29.30;28;MAN;
28.91.00;28;MAN;
28.75.3;28;MAN;
28.30.90;28;MAN;
28.49.09;28;MAN;
28.25.00;28;MAN;
28.25.00;28;MAN;
28.91.00;28;MAN;
28.99.20;28;MAN;
28.29.99;28;MAN;
28.49.09;28;MAN;
28.25.00;28;MAN;
28.29.99;28;MAN;
28.49.09;28;MAN;
28.25.00;28;MAN;
28.49.09;28;MAN;
28.99.20;28;MAN;
28.25.00;28;MAN;
28.49.09;28;MAN;
28.25.00;28;MAN;
28.99.99;28;MAN;
28.49.09;28;MAN;
28.49.09;28;MAN;
28.91.00;28;MAN;
28.99.20;28;MAN;
28.94.10;28;MAN;
28.29.99;28;MAN;
28.25.00;28;MAN;
28.14.00;28;MAN;
28.91.00;28;MAN;
28.52.0;28;MAN;
28.25.00;28;MAN;
29.32.09;29;MAN;
29.72.0;29;MAN;
29.22.1;29;MAN;
29.13.0;29;MAN;
29.71.0;29;MAN;
29.71.0;29;MAN;
29.22.1;29;MAN;
29.24.3;29;MAN;
29.22.1;29;MAN;
29.11.2;29;MAN;
29.23.2;29;MAN;
29.20.00;29;MAN;
29.71.0;29;MAN;
29.24.3;29;MAN;
29.42.0;29;MAN;
29.22.1;29;MAN;
29.22.1;29;MAN;
29.20.00;29;MAN;
30.11.02;30;MAN;
30.30.09;30;MAN;
30.30.09;30;MAN;
30.11.02;30;MAN;
30.11.02;30;MAN;
30.11.02;30;MAN;
30.11.02;30;MAN;
30.11.02;30;MAN;
30.11.02;30;MAN;
30.11.02;30;MAN;
30.11.02;30;MAN;
30.12.00;30;MAN;
30.11.02;30;MAN;
30.11.02;30;MAN;
30.11.02;30;MAN;
30.11.02;30;MAN;
30.11.02;30;MAN;
30.12.00;30;MAN;
30.30.09;30;MAN;
30.11.02;30;MAN;
30.30.09;30;MAN;
30.30.09;30;MAN;
30.11.02;30;MAN;
30.20.02;30;MAN;
30.11.02;30;MAN;
30.11.02;30;MAN;
30.11.02;30;MAN;
30.11.02;30;MAN;
30.11.02;30;MAN;
30.11.02;30;MAN;
31.30.0;31;MAN;
31.02.00;31;MAN;
31.40.0;31;MAN;
31.02.00;31;MAN;
31.01.21;31;MAN;
31.09.10;31;MAN;
31.09.40;31;MAN;
31.02.00;31;MAN;
31.09.10;31;MAN;
31.09.10;31;MAN;
31.40.0;31;MAN;
31.20.1;31;MAN;
31.01.22;31;MAN;
31.20.2;31;MAN;
31.09.20;31;MAN;
31.09.40;31;MAN;
31.62.1;31;MAN;
31.09.30;31;MAN;
31.09.10;31;MAN;
31.09.10;31;MAN;
31.09.10;31;MAN;
31.09.40;31;MAN;
31.01.22;31;MAN;
31.09.10;31;MAN;
31.09.40;31;MAN;
31.09.40;31;MAN;
31.09.10;31;MAN;
31.09.10;31;MAN;
31.09.10;31;MAN;
32.99.90;32;MAN;
32.20.2;32;MAN;
32.50.30;32;MAN;
32.50.30;32;MAN;
32.20.1;32;MAN;
32.30.00;32;MAN;
32.50.20;32;MAN;
33.15.00;33;INS;
33.15.00;33;INS;
33.10.1;33;INS;
33.19.09;33;INS;
33.17.00;33;INS;
33.13.03;33;INS;
33.20.03;33;INS;
33.20.03;33;INS;
33.20.02;33;INS;
33.20.03;33;INS;
33.20.02;33;INS;
33.20.03;33;INS;
33.20.03;33;INS;
33.13.03;33;INS;
33.20.09;33;INS;
33.12.99;33;INS;
33.20.03;33;INS;
33.15.00;33;INS;
33.17.00;33;INS;
33.20.03;33;INS;
33.20.03;33;INS;
33.20.09;33;INS;
33.15.00;33;INS;
33.20.03;33;INS;
33.20.03;33;INS;
33.12.10;33;INS;
33.20.02;33;INS;
33.13.03;33;INS;
33.20.09;33;INS;
33.12.99;33;INS;
33.12.51;33;INS;
33.20.03;33;INS;
33.12.99;33;INS;
33.20.03;33;INS;
33.20.02;33;INS;
33.13.03;33;INS;
35.11.00;35;EGW;
35.13.00;35;EGW;
35.13.00;35;EGW;
35.13.00;35;EGW;
35.23.00;35;EGW;
35.13.00;35;EGW;
35.23.00;35;EGW;
35.11.00;35;EGW;
35.14.00;35;EGW;
35.23.00;35;EGW;
35.23.00;35;EGW;
36.14.1;36;EGW;
36.00.00;36;EGW;
36.00.00;36;EGW;
36.00.00;36;EGW;
36.00.00;36;EGW;
36.00.00;36;EGW;
36.11.1;36;EGW;
36.00.00;36;EGW;
36.00.00;36;EGW;
37.00.00;37;EGW;
38.11.00;38;EGW;
38.12.00;38;EGW;
38.21.09;38;EGW;
38.11.00;38;EGW;
38.21.09;38;EGW;
38.11.00;38;EGW;
38.32.30;38;EGW;
38.32.30;38;EGW;
38.21.09;38;EGW;
38.12.00;38;EGW;
38.21.09;38;EGW;
38.21.09;38;EGW;
41.20.00;41;CON;
41.20.00;41;CON;
41.20.00;41;CON;
41.20.00;41;CON;
41.00.2;41;CON;
41.20.00;41;CON;
41.20.00;41;CON;
41.20.00;41;CON;
41.20.00;41;CON;
41.20.00;41;CON;
41.20.00;41;CON;
41.20.00;41;CON;
41.20.00;41;CON;
41.20.00;41;CON;
41.20.00;41;CON;
41.20.00;41;CON;
41.20.00;41;CON;
41.20.00;41;CON;
41.20.00;41;CON;
41.20.00;41;CON;
41.20.00;41;CON;
41.20.00;41;CON;
41.20.00;41;CON;
41.20.00;41;CON;
41.20.00;41;CON;
41.20.00;41;CON;
41.20.00;41;CON;
41.20.00;41;CON;
41.20.00;41;CON;
41.20.00;41;CON;
41.20.00;41;CON;
41.20.00;41;CON;
41.20.00;41;CON;
41.20.00;41;CON;
41.20.00;41;CON;
41.20.00;41;CON;
41.20.00;41;CON;
41.20.00;41;CON;
41.20.00;41;CON;
41.20.00;41;CON;
41.20.00;41;CON;
41.20.00;41;CON;
41.20.00;41;CON;
41.20.00;41;CON;
41.20.00;41;CON;
41.20.00;41;CON;
42.99.09;42;CON;
42.22.00;42;CON;
42.11.00;42;CON;
42.11.00;42;CON;
42.11.00;42;CON;
42.22.00;42;CON;
42.99.09;42;CON;
43.21.01;43;CON;
43.21.02;43;CON;
43.22.01;43;CON;
43.21.01;43;CON;
43.39.09;43;CON;
43.13.00;43;CON;
43.99.09;43;CON;
43.99.09;43;CON;
43.99.09;43;CON;
43.99.09;43;CON;
43.21.01;43;CON;
43.99.09;43;CON;
43.29.09;43;CON;
43.99.09;43;CON;
43.29.09;43;CON;
43.21.01;43;CON;
43.21.01;43;CON;
43.22.01;43;CON;
43.29.09;43;CON;
43.21.02;43;CON;
43.99.09;43;CON;
43.21.01;43;CON;
43.21.01;43;CON;
43.29.09;43;CON;
43.22.01;43;CON;
43.22.01;43;CON;
43.21.01;43;CON;
43.22.01;43;CON;
43.99.09;43;CON;
43.99.09;43;CON;
43.22.01;43;CON;
43.21.01;43;CON;
43.21.01;43;CON;
43.29.01;43;CON;
43.21.01;43;CON;
43.22.01;43;CON;
43.29.09;43;CON;
43.29.09;43;CON;
43.39.01;43;CON;
43.22.01;43;CON;
43.99.09;43;CON;
43.22.01;43;CON;
43.21.01;43;CON;
43.91.00;43;CON;
43.39.09;43;CON;
43.39.01;43;CON;
43.12.00;43;CON;
43.29.09;43;CON;
43.99.09;43;CON;
43.99.09;43;CON;
45.11.01;45;WHOL;
45.11.01;45;WHOL;
45.21.2;45;WHOL;
45.11.01;45;WHOL;
45.11.01;45;WHOL;
45.21.2;45;WHOL;
45.21.2;45;WHOL;
45.20.20;45;WHOL;
45.11.01;45;WHOL;
45.41.0;45;WHOL;
45.11.01;45;WHOL;
45.21.2;45;WHOL;
45.11.01;45;WHOL;
45.11.01;45;WHOL;
45.11.01;45;WHOL;
45.23.0;45;WHOL;
45.19.01;45;WHOL;
45.20.10;45;WHOL;
46.18.97;46;WHOL;
46.43.10;46;WHOL;
46.46.30;46;WHOL;
46.46.30;46;WHOL;
46.69.99;46;WHOL;
46.46.30;46;WHOL;
46.90.00;46;WHOL;
46.73.22;46;WHOL;
46.21.10;46;WHOL;
46.69.99;46;WHOL;
46.18.21;46;WHOL;
46.18.21;46;WHOL;
46.18.21;46;WHOL;
46.43.20;46;WHOL;
46.51.00;46;WHOL;
46.69.99;46;WHOL;
46.73.29;46;WHOL;
46.51.00;46;WHOL;
46.74.10;46;WHOL;
46.90.00;46;WHOL;
46.69.99;46;WHOL;
46.51.00;46;WHOL;
46.69.99;46;WHOL;
46.75.01;46;WHOL;
46.75.02;46;WHOL;
46.75.01;46;WHOL;
46.90.00;46;WHOL;
46.51.00;46;WHOL;
46.51.00;46;WHOL;
46.71.00;46;WHOL;
46.46.10;46;WHOL;
46.43.30;46;WHOL;
46.46.30;46;WHOL;
46.51.00;46;WHOL;
46.51.00;46;WHOL;
46.46.30;46;WHOL;
46.51.00;46;WHOL;
46.73.10;46;WHOL;
46.38.20;46;WHOL;
46.69.19;46;WHOL;
46.46.10;46;WHOL;
46.69.20;46;WHOL;
46.51.00;46;WHOL;
46.51.00;46;WHOL;
46.69.99;46;WHOL;
46.75.02;46;WHOL;
46.69.99;46;WHOL;
46.75.01;46;WHOL;
46.75.01;46;WHOL;
46.46.30;46;WHOL;
46.46.30;46;WHOL;
46.69.99;46;WHOL;
46.14.01;46;WHOL;
46.51.00;46;WHOL;
46.51.00;46;WHOL;
46.49.10;46;WHOL;
46.46.10;46;WHOL;
46.51.00;46;WHOL;
46.39.20;46;WHOL;
46.75.02;46;WHOL;
46.90.00;46;WHOL;
46.18.32;46;WHOL;
46.43.10;46;WHOL;
46.46.10;46;WHOL;
46.75.02;46;WHOL;
46.51.00;46;WHOL;
46.51.00;46;WHOL;
46.46.30;46;WHOL;
46.75.02;46;WHOL;
46.69.99;46;WHOL;
46.18.32;46;WHOL;
46.51.00;46;WHOL;
46.69.19;46;WHOL;
46.21.22;46;WHOL;
46.51.00;46;WHOL;
46.51.00;46;WHOL;
46.69.99;46;WHOL;
46.69.99;46;WHOL;
46.52.09;46;WHOL;
46.51.00;46;WHOL;
46.75.02;46;WHOL;
46.46.30;46;WHOL;
46.39.20;46;WHOL;
46.51.00;46;WHOL;
46.69.99;46;WHOL;
46.51.00;46;WHOL;
47.24.20;47;WHOL;
47.59.10;47;WHOL;
47.11.20;47;WHOL;
47.64.10;47;WHOL;
47.11.20;47;WHOL;
47.99.10;47;WHOL;
47.91.10;47;WHOL;
47.11.20;47;WHOL;
47.72.10;47;WHOL;
47.11.20;47;WHOL;
47.91.10;47;WHOL;
47.11.20;47;WHOL;
47.72.10;47;WHOL;
47.76.20;47;WHOL;
47.11.20;47;WHOL;
47.71.10;47;WHOL;
47.64.10;47;WHOL;
47.59.10;47;WHOL;
47.11.20;47;WHOL;
47.77.00;47;WHOL;
47.11.20;47;WHOL;
47.59.10;47;WHOL;
47.77.00;47;WHOL;
47.71.10;47;WHOL;
47.76.20;47;WHOL;
47.78.20;47;WHOL;
47.29.30;47;WHOL;
47.29.30;47;WHOL;
47.29.30;47;WHOL;
47.76.20;47;WHOL;
47.91.20;47;WHOL;
47.30.00;47;WHOL;
47.91.10;47;WHOL;
47.71.10;47;WHOL;
47.24.20;47;WHOL;
47.11.30;47;WHOL;
47.11.20;47;WHOL;
47.11.20;47;WHOL;
47.11.20;47;WHOL;
47.11.20;47;WHOL;
47.11.20;47;WHOL;
47.78.20;47;WHOL;
47.11.20;47;WHOL;
47.11.20;47;WHOL;
47.11.20;47;WHOL;
47.11.20;47;WHOL;
47.11.20;47;WHOL;
47.91.10;47;WHOL;
47.71.10;47;WHOL;
47.21.01;47;WHOL;
47.29.30;47;WHOL;
47.73.10;47;WHOL;
47.73.10;47;WHOL;
47.30.00;47;WHOL;
47.76.20;47;WHOL;
47.11.20;47;WHOL;
47.11.20;47;WHOL;
47.99.20;47;WHOL;
47.78.20;47;WHOL;
47.11.20;47;WHOL;
47.11.20;47;WHOL;
47.74.00;47;WHOL;
47.76.20;47;WHOL;
47.71.10;47;WHOL;
47.59.30;47;WHOL;
47.77.00;47;WHOL;
47.11.50;47;WHOL;
47.11.20;47;WHOL;
47.11.30;47;WHOL;
47.11.50;47;WHOL;
47.11.20;47;WHOL;
47.11.20;47;WHOL;
47.19.10;47;WHOL;
47.11.20;47;WHOL;
47.78.20;47;WHOL;
47.11.20;47;WHOL;
47.11.20;47;WHOL;
47.91.10;47;WHOL;
47.91.30;47;WHOL;
47.11.50;47;WHOL;
47.52.10;47;WHOL;
47.59.10;47;WHOL;
47.91.10;47;WHOL;
47.91.20;47;WHOL;
47.91.20;47;WHOL;
47.11.30;47;WHOL;
47.99.20;47;WHOL;
47.73.10;47;WHOL;
47.11.20;47;WHOL;
47.52.30;47;WHOL;
47.11.10;47;WHOL;
47.75.20;47;WHOL;
47.59.10;47;WHOL;
47.11.20;47;WHOL;
47.91.10;47;WHOL;
47.11.30;47;WHOL;
47.52.10;47;WHOL;
47.29.30;47;WHOL;
47.59.10;47;WHOL;
47.52.10;47;WHOL;
47.77.00;47;WHOL;
47.29.30;47;WHOL;
47.77.00;47;WHOL;
47.59.10;47;WHOL;
47.29.30;47;WHOL;
47.59.10;47;WHOL;
47.54.00;47;WHOL;
47.11.20;47;WHOL;
47.78.20;47;WHOL;
47.91.10;47;WHOL;
47.91.10;47;WHOL;
47.59.10;47;WHOL;
47.11.40;47;WHOL;
47.78.20;47;WHOL;
47.99.20;47;WHOL;
47.99.10;47;WHOL;
47.73.10;47;WHOL;
47.91.10;47;WHOL;
47.74.00;47;WHOL;
47.77.00;47;WHOL;
47.77.00;47;WHOL;
47.77.00;47;WHOL;
47.77.00;47;WHOL;
49.41.00;49;TRAN;
49.41.00;49;TRAN;
49.31.00;49;TRAN;
49.31.00;49;TRAN;
49.41.00;49;TRAN;
49.41.00;49;TRAN;
49.41.00;49;TRAN;
49.41.00;49;TRAN;
49.41.00;49;TRAN;
49.41.00;49;TRAN;
49.31.00;49;TRAN;
49.41.00;49;TRAN;
49.31.00;49;TRAN;
50.10.00;50;TRAN;
51.44.4;51;TRAN;
51.21.2;51;TRAN;
52.29.21;52;TRAN;
52.22.09;52;TRAN;
52.22.09;52;TRAN;
52.29.10;52;TRAN;
52.21.20;52;TRAN;
52.11.2;52;TRAN;
52.11.1;52;TRAN;
52.22.09;52;TRAN;
52.22.09;52;TRAN;
52.24.40;52;TRAN;
52.11.2;52;TRAN;
52.48.2;52;TRAN;
52.29.10;52;TRAN;
52.21.20;52;TRAN;
52.24.30;52;TRAN;
52.29.10;52;TRAN;
52.11.4;52;TRAN;
52.11.2;52;TRAN;
52.48.E;52;TRAN;
52.21.90;52;TRAN;
52.11.1;52;TRAN;
52.21.20;52;TRAN;
52.22.09;52;TRAN;
52.22.09;52;TRAN;
52.24.40;52;TRAN;
52.21.90;52;TRAN;
52.21.20;52;TRAN;
52.21.20;52;TRAN;
52.21.90;52;TRAN;
52.21.20;52;TRAN;
52.29.10;52;TRAN;
52.21.20;52;TRAN;
52.21.20;52;TRAN;
52.21.20;52;TRAN;
52.29.22;52;TRAN;
52.29.22;52;TRAN;
52.24.40;52;TRAN;
52.21.40;52;TRAN;
52.22.09;52;TRAN;
52.29.22;52;TRAN;
52.29.22;52;TRAN;
52.22.09;52;TRAN;
52.29.22;52;TRAN;
52.21.90;52;TRAN;
52.21.20;52;TRAN;
52.24.40;52;TRAN;
52.21.20;52;TRAN;
52.22.09;52;TRAN;
52.22.09;52;TRAN;
52.48.3;52;TRAN;
52.29.22;52;TRAN;
53.20.00;53;TRAN;
53.20.00;53;TRAN;
55.10.00;55;TOUR;
55.10.00;55;TOUR;
55.20.10;55;TOUR;
55.20.10;55;TOUR;
55.20.10;55;TOUR;
55.10.00;55;TOUR;
55.30.00;55;TOUR;
55.10.00;55;TOUR;
55.10.00;55;TOUR;
55.10.00;55;TOUR;
55.30.00;55;TOUR;
55.30.00;55;TOUR;
55.30.00;55;TOUR;
55.10.00;55;TOUR;
55.10.00;55;TOUR;
55.20.10;55;TOUR;
55.10.00;55;TOUR;
55.10.00;55;TOUR;
55.20.10;55;TOUR;
55.20.10;55;TOUR;
55.30.00;55;TOUR;
55.20.51;55;TOUR;
55.20.10;55;TOUR;
55.20.10;55;TOUR;
56.10.11;56;TOUR;
56.10.11;56;TOUR;
56.10.11;56;TOUR;
56.10.11;56;TOUR;
56.30.00;56;TOUR;
56.10.11;56;TOUR;
56.30.00;56;TOUR;
56.10.11;56;TOUR;
56.10.11;56;TOUR;
56.30.00;56;TOUR;
56.30.00;56;TOUR;
56.10.11;56;TOUR;
56.10.11;56;TOUR;
56.10.20;56;TOUR;
56.10.11;56;TOUR;
56.30.00;56;TOUR;
56.10.30;56;TOUR;
56.10.11;56;TOUR;
56.10.11;56;TOUR;
56.10.11;56;TOUR;
56.10.11;56;TOUR;
56.10.11;56;TOUR;
56.10.11;56;TOUR;
56.10.11;56;TOUR;
56.30.00;56;TOUR;
56.10.11;56;TOUR;
56.10.11;56;TOUR;
56.10.11;56;TOUR;
56.30.00;56;TOUR;
56.10.11;56;TOUR;
56.10.11;56;TOUR;
56.10.11;56;TOUR;
56.10.11;56;TOUR;
56.10.11;56;TOUR;
56.10.11;56;TOUR;
56.10.11;56;TOUR;
56.30.00;56;TOUR;
56.10.11;56;TOUR;
56.10.11;56;TOUR;
56.10.11;56;TOUR;
56.30.00;56;TOUR;
56.10.11;56;TOUR;
56.10.11;56;TOUR;
56.30.00;56;TOUR;
56.10.11;56;TOUR;
58.29.00;58;PUB;
58.13.00;58;PUB;
58.29.00;58;PUB;
58.29.00;58;PUB;
58.29.00;58;PUB;
58.29.00;58;PUB;
58.29.00;58;PUB;
58.29.00;58;PUB;
58.14.00;58;PUB;
58.29.00;58;PUB;
58.21.00;58;PUB;
58.21.00;58;PUB;
58.29.00;58;PUB;
58.29.00;58;PUB;
58.29.00;58;PUB;
58.29.00;58;PUB;
58.11.00;58;PUB;
58.29.00;58;ICT;
58.14.00;58;PUB;
58.29.00;58;PUB;
58.29.00;58;PUB;
58.29.00;58;PUB;
58.29.00;58;PUB;
59.11.00;59;PUB;
59.11.00;59;PUB;
59.11.00;59;PUB;
61.90.10;61;PUB;
61.90.99;61;PUB;
61.90.10;61;PUB;
62.02.00;62;ICT;
62.01.00;62;ICT;
62.01.00;62;ICT;
62.09.09;62;ICT;
62.02.00;62;ICT;
62.02.00;62;ICT;
62.01.00;62;ICT;
62.01.00;62;ICT;
62.01.00;62;ICT;
62.03.00;62;ICT;
62.01.00;62;ICT;
62.02.00;62;ICT;
62.09.09;62;ICT;
62.02.00;62;ICT;
62.02.00;62;ICT;
62.02.00;62;ICT;
62.01.00;62;ICT;
62.01.00;62;ICT;
62.02.00;62;ICT;
62.01.00;62;ICT;
62.09.09;62;ICT;
62.02.00;62;ICT;
62.02.00;62;ICT;
62.01.00;62;ICT;
62.01.00;62;ICT;
62.09.09;62;ICT;
62.01.00;62;ICT;
62.09.09;62;ICT;
62.09.09;62;ICT;
62.09.09;62;ICT;
62.09.09;62;ICT;
62.01.00;62;ICT;
62.01.00;62;ICT;
62.09.09;62;ICT;
62.01.00;62;ICT;
62.01.00;62;ICT;
62.09.09;62;ICT;
62.01.00;62;ICT;
62.02.00;62;ICT;
62.01.00;62;ICT;
62.01.00;62;ICT;
62.09.09;62;ICT;
62.01.00;62;ICT;
62.02.00;62;ICT;
62.02.00;62;ICT;
62.01.00;62;ICT;
62.01.00;62;ICT;
62.01.00;62;ICT;
62.09.09;62;ICT;
62.09.09;62;ICT;
62.01.00;62;ICT;
62.01.00;62;ICT;
62.01.00;62;ICT;
62.09.09;62;ICT;
62.01.00;62;ICT;
62.01.00;62;ICT;
62.02.00;62;ICT;
62.03.00;62;ICT;
62.01.00;62;ICT;
62.01.00;62;ICT;
62.01.00;62;ICT;
62.01.00;62;ICT;
62.02.00;62;ICT;
62.01.00;62;ICT;
62.09.09;62;ICT;
62.09.09;62;ICT;
62.09.09;62;ICT;
62.01.00;62;ICT;
62.01.00;62;ICT;
62.01.00;62;ICT;
62.01.00;62;ICT;
62.01.00;62;ICT;
62.02.00;62;ICT;
62.09.09;62;ICT;
62.01.00;62;ICT;
62.01.00;62;ICT;
62.01.00;62;ICT;
62.01.00;62;ICT;
62.03.00;62;ICT;
62.01.00;62;ICT;
62.01.00;62;ICT;
62.01.00;62;ICT;
62.09.09;62;ICT;
62.02.00;62;ICT;
62.09.09;62;ICT;
62.01.00;62;ICT;
62.02.00;62;ICT;
62.02.00;62;ICT;
62.02.00;62;ICT;
62.01.00;62;ICT;
62.01.00;62;ICT;
62.01.00;62;ICT;
62.09.09;62;ICT;
62.01.00;62;ICT;
62.01.00;62;ICT;
62.09.09;62;ICT;
62.02.00;62;ICT;
62.01.00;62;ICT;
62.02.00;62;ICT;
62.09.09;62;ICT;
62.01.00;62;ICT;
62.01.00;62;ICT;
62.03.00;62;ICT;
62.02.00;62;ICT;
62.01.00;62;ICT;
62.02.00;62;ICT;
62.02.00;62;ICT;
62.09.09;62;ICT;
62.02.00;62;ICT;
62.02.00;62;ICT;
62.02.00;62;ICT;
62.01.00;62;ICT;
62.01.00;62;ICT;
62.02.00;62;ICT;
62.01.00;62;ICT;
62.01.00;62;ICT;
62.01.00;62;ICT;
62.02.00;62;ICT;
62.02.00;62;ICT;
62.01.00;62;ICT;
62.02.00;62;ICT;
62.02.00;62;ICT;
62.01.00;62;ICT;
62.02.00;62;ICT;
62.02.00;62;ICT;
62.09.09;62;ICT;
62.02.00;62;ICT;
62.09.09;62;ICT;
62.01.00;62;ICT;
62.09.09;62;ICT;
62.01.00;62;ICT;
62.01.00;62;ICT;
62.02.00;62;ICT;
62.01.00;62;ICT;
62.01.00;62;ICT;
62.01.00;62;ICT;
62.01.00;62;ICT;
62.01.00;62;ICT;
62.02.00;62;ICT;
62.01.00;62;ICT;
62.01.00;62;ICT;
62.01.00;62;ICT;
62.01.00;62;ICT;
62.01.00;62;ICT;
62.01.00;62;ICT;
62.01.00;62;ICT;
62.01.00;62;ICT;
62.01.00;62;ICT;
62.01.00;62;ICT;
62.01.00;62;ICT;
62.01.00;62;ICT;
62.02.00;62;ICT;
62.09.09;62;ICT;
62.09.09;62;ICT;
62.01.00;62;ICT;
62.01.00;62;ICT;
62.01.00;62;ICT;
62.01.00;62;ICT;
62.01.00;62;ICT;
62.01.00;62;ICT;
62.01.00;62;ICT;
62.01.00;62;ICT;
62.01.00;62;ICT;
62.09.09;62;ICT;
62.09.09;62;ICT;
62.01.00;62;ICT;
62.01.00;62;ICT;
62.02.00;62;ICT;
62.01.00;62;ICT;
62.01.00;62;ICT;
62.01.00;62;ICT;
62.01.00;62;ICT;
62.01.00;62;ICT;
62.02.00;62;ICT;
62.01.00;62;ICT;
62.02.00;62;ICT;
62.01.00;62;ICT;
62.01.00;62;ICT;
62.01.00;62;ICT;
62.01.00;62;ICT;
62.01.00;62;ICT;
62.09.09;62;ICT;
62.02.00;62;ICT;
62.02.00;62;ICT;
62.01.00;62;ICT;
62.09.09;62;ICT;
62.09.09;62;ICT;
62.02.00;62;ICT;
62.03.00;62;ICT;
62.01.00;62;ICT;
62.03.00;62;ICT;
62.01.00;62;ICT;
62.01.00;62;ICT;
62.01.00;62;ICT;
62.01.00;62;ICT;
62.01.00;62;ICT;
62.09.09;62;ICT;
62.01.00;62;ICT;
62.01.00;62;ICT;
62.01.00;62;ICT;
62.09.09;62;ICT;
62.01.00;62;ICT;
62.02.00;62;ICT;
62.01.00;62;ICT;
62.01.00;62;ICT;
62.09.09;62;ICT;
62.02.00;62;ICT;
62.01.00;62;ICT;
62.02.00;62;ICT;
62.01.00;62;ICT;
62.02.00;62;ICT;
62.02.00;62;ICT;
62.01.00;62;ICT;
62.01.00;62;ICT;
62.02.00;62;ICT;
62.02.00;62;ICT;
62.02.00;62;ICT;
62.01.00;62;ICT;
62.01.00;62;ICT;
62.01.00;62;ICT;
62.09.09;62;ICT;
62.02.00;62;ICT;
62.09.09;62;ICT;
62.02.00;62;ICT;
62.02.00;62;ICT;
62.01.00;62;ICT;
62.02.00;62;ICT;
62.01.00;62;ICT;
62.01.00;62;ICT;
62.02.00;62;ICT;
62.01.00;62;ICT;
62.02.00;62;ICT;
62.02.00;62;ICT;
62.02.00;62;ICT;
62.02.00;62;ICT;
62.02.00;62;ICT;
62.01.00;62;ICT;
62.01.00;62;ICT;
62.01.00;62;ICT;
62.01.00;62;ICT;
62.01.00;62;ICT;
62.02.00;62;ICT;
62.02.00;62;ICT;
62.02.00;62;ICT;
62.02.00;62;ICT;
62.01.00;62;ICT;
62.01.00;62;ICT;
62.02.00;62;ICT;
62.09.09;62;ICT;
62.09.09;62;ICT;
62.03.00;62;ICT;
62.01.00;62;ICT;
62.01.00;62;ICT;
62.01.00;62;ICT;
62.01.00;62;ICT;
62.02.00;62;ICT;
62.01.00;62;ICT;
62.02.00;62;ICT;
62.01.00;62;ICT;
62.09.09;62;ICT;
62.01.00;62;ICT;
62.01.00;62;ICT;
62.03.00;62;ICT;
62.01.00;62;ICT;
62.01.00;62;ICT;
62.01.00;62;ICT;
62.01.00;62;ICT;
62.01.00;62;ICT;
62.02.00;62;ICT;
62.01.00;62;ICT;
62.01.00;62;ICT;
62.02.00;62;ICT;
62.01.00;62;ICT;
62.09.09;62;ICT;
62.01.00;62;ICT;
62.01.00;62;ICT;
62.01.00;62;ICT;
62.02.00;62;ICT;
62.01.00;62;ICT;
62.01.00;62;ICT;
62.01.00;62;ICT;
62.01.00;62;ICT;
62.02.00;62;ICT;
62.02.00;62;ICT;
62.01.00;62;ICT;
62.01.00;62;ICT;
62.02.00;62;ICT;
62.02.00;62;ICT;
62.02.00;62;ICT;
62.02.00;62;ICT;
62.01.00;62;ICT;
62.01.00;62;ICT;
62.01.00;62;ICT;
62.01.00;62;ICT;
62.01.00;62;ICT;
62.01.00;62;ICT;
62.01.00;62;ICT;
62.02.00;62;ICT;
62.02.00;62;ICT;
62.03.00;62;ICT;
62.01.00;62;ICT;
62.01.00;62;ICT;
62.02.00;62;ICT;
62.01.00;62;ICT;
62.01.00;62;ICT;
62.01.00;62;ICT;
62.02.00;62;ICT;
62.01.00;62;ICT;
62.01.00;62;ICT;
62.01.00;62;ICT;
62.02.00;62;ICT;
62.02.00;62;ICT;
62.01.00;62;ICT;
62.01.00;62;ICT;
62.01.00;62;ICT;
62.09.09;62;ICT;
62.01.00;62;ICT;
62.01.00;62;ICT;
62.01.00;62;ICT;
62.01.00;62;ICT;
62.02.00;62;ICT;
62.01.00;62;ICT;
62.01.00;62;ICT;
62.01.00;62;ICT;
62.01.00;62;ICT;
62.01.00;62;ICT;
62.02.00;62;ICT;
62.02.00;62;ICT;
62.01.00;62;ICT;
62.02.00;62;ICT;
62.09.09;62;ICT;
62.01.00;62;ICT;
62.02.00;62;ICT;
62.02.00;62;ICT;
62.01.00;62;ICT;
62.01.00;62;ICT;
62.02.00;62;ICT;
62.01.00;62;ICT;
63.12.00;63;ICT;
63.99.00;63;ICT;
63.40.1;63;ICT;
63.11.30;63;ICT;
63.12.00;63;ICT;
63.11.11;63;ICT;
63.11.11;63;ICT;
63.11.20;63;ICT;
63.11.19;63;ICT;
63.12.00;63;ICT;
63.21.6;63;ICT;
63.11.11;63;ICT;
63.11.30;63;ICT;
63.11.3;63;ICT;
63.11.19;63;ICT;
63.11.19;63;ICT;
63.12.00;63;ICT;
63.11.11;63;ICT;
63.11.20;63;ICT;
63.11.19;63;ICT;
63.11.11;63;ICT;
63.11.11;63;ICT;
63.11.11;63;ICT;
63.11.19;63;ICT;
63.11.11;63;ICT;
63.11.11;63;ICT;
63.11.11;63;ICT;
63.11.11;63;ICT;
63.11.11;63;ICT;
63.11.19;63;ICT;
63.12.00;63;ICT;
63.12.00;63;ICT;
63.11.11;63;ICT;
63.11.19;63;ICT;
64.20.00;64;SER;
64.91.00;64;SER;
64.91.00;64;SER;
64.19.10;64;SER;
64.19.10;64;SER;
64.19.10;64;SER;
64.99.30;64;SER;
64.99.60;64;SER;
64.19.10;64;SER;
64.19.10;64;SER;
64.19.10;64;SER;
64.99.10;64;SER;
64.20.00;64;SER;
64.91.00;64;SER;
64.91.00;64;SER;
64.19.10;64;SER;
64.99.60;64;SER;
64.99.10;64;SER;
64.92.09;64;SER;
65.12.00;65;SER;
65.12.00;65;SER;
65.12.00;65;SER;
65.12.00;65;SER;
65.12.00;65;SER;
65.12.00;65;SER;
65.12.00;65;SER;
65.12.00;65;SER;
65.12.00;65;SER;
65.12.00;65;SER;
65.12.00;65;SER;
65.12.00;65;SER;
65.12.00;65;SER;
66.30.00;66;SER;
66.22.02;66;SER;
66.22.02;66;SER;
68.10.00;68;SER;
68.10.00;68;SER;
68.10.00;68;SER;
68.32.00;68;SER;
68.20.01;68;SER;
68.32.00;68;SER;
68.20.01;68;SER;
68.20.01;68;SER;
68.20.01;68;SER;
68.32.00;68;SER;
68.20.01;68;SER;
69.20.13;69;SER;
69.20.30;69;SER;
69.10.20;69;SER;
70.22.09;70;SER;
70.21.00;70;SER;
70.10.00;70;SER;
70.22.01;70;SER;
70.22.09;70;SER;
70.22.09;70;SER;
70.22.09;70;SER;
70.22.09;70;SER;
70.22.09;70;SER;
70.10.00;70;SER;
70.22.09;70;SER;
70.10.00;70;SER;
70.10.00;70;SER;
70.10.00;70;SER;
70.22.09;70;SER;
70.22.09;70;SER;
70.22.09;70;SER;
70.22.09;70;SER;
70.10.00;70;SER;
70.22.09;70;SER;
70.22.09;70;SER;
70.22.09;70;SER;
70.10.00;70;SER;
70.10.00;70;SER;
70.22.09;70;SER;
70.21.00;70;SER;
70.10.00;70;SER;
70.10.00;70;SER;
70.22.09;70;SER;
70.21.00;70;SER;
70.22.09;70;SER;
70.10.00;70;SER;
70.10.00;70;SER;
70.22.09;70;SER;
70.22.09;70;SER;
70.10.00;70;SER;
70.10.00;70;SER;
70.21.00;70;SER;
70.22.09;70;SER;
70.22.09;70;SER;
70.22.09;70;SER;
70.10.00;70;SER;
71.12.20;71;CON;
71.12.20;71;CON;
71.12.20;71;CON;
71.12.20;71;CON;
71.12.10;71;CON;
71.12.20;71;CON;
71.12.10;71;CON;
71.12.20;71;CON;
71.11.00;71;CON;
71.11.00;71;CON;
71.12.10;71;CON;
71.12.50;71;CON;
71.12.20;71;CON;
71.20.21;71;CON;
71.20.21;71;CON;
71.12.10;71;CON;
71.12.10;71;CON;
71.11.00;71;CON;
71.12.20;71;CON;
71.12.20;71;CON;
71.12.10;71;CON;
71.12.10;71;CON;
71.12.20;71;CON;
71.20.10;71;CON;
71.20.21;71;CON;
71.20.10;71;CON;
71.12.10;71;CON;
71.12.20;71;CON;
71.12.10;71;CON;
71.11.00;71;CON;
71.12.20;71;CON;
71.12.10;71;CON;
71.12.20;71;CON;
71.20.21;71;CON;
71.11.00;71;CON;
71.12.20;71;CON;
71.12.20;71;CON;
71.11.00;71;CON;
71.11.00;71;CON;
71.11.00;71;CON;
71.12.20;71;CON;
71.20.21;71;CON;
71.11.00;71;CON;
71.12.10;71;CON;
71.12.10;71;CON;
71.12.20;71;CON;
71.11.00;71;CON;
71.12.10;71;CON;
71.12.10;71;CON;
71.12.20;71;CON;
71.11.00;71;CON;
71.11.00;71;CON;
71.12.20;71;CON;
71.12.20;71;CON;
71.11.00;71;CON;
71.12.10;71;CON;
71.12.10;71;CON;
71.11.00;71;CON;
71.11.00;71;CON;
71.12.50;71;CON;
71.12.20;71;CON;
71.12.20;71;CON;
71.12.10;71;CON;
71.11.00;71;CON;
71.12.20;71;CON;
71.12.20;71;CON;
71.11.00;71;CON;
71.11.00;71;CON;
71.11.00;71;CON;
71.11.00;71;CON;
71.11.00;71;CON;
71.11.00;71;CON;
71.11.00;71;CON;
71.12.10;71;CON;
71.11.00;71;CON;
71.11.00;71;CON;
71.11.00;71;CON;
71.11.00;71;CON;
71.11.00;71;CON;
71.20.21;71;CON;
71.12.10;71;CON;
71.12.20;71;CON;
71.12.10;71;CON;
71.12.10;71;CON;
71.11.00;71;CON;
71.12.10;71;CON;
71.11.00;71;CON;
71.12.10;71;CON;
71.11.00;71;CON;
71.12.20;71;CON;
71.20.10;71;CON;
71.20.10;71;CON;
71.12.10;71;CON;
71.11.00;71;CON;
71.20.21;71;CON;
71.11.00;71;CON;
71.11.00;71;CON;
71.12.10;71;CON;
71.12.10;71;CON;
71.11.00;71;CON;
71.20.10;71;CON;
71.11.00;71;CON;
71.11.00;71;CON;
71.12.30;71;CON;
71.12.20;71;CON;
71.12.20;71;CON;
71.11.00;71;CON;
71.11.00;71;CON;
71.12.20;71;CON;
71.11.00;71;CON;
71.12.10;71;CON;
71.12.20;71;CON;
71.11.00;71;CON;
71.11.00;71;CON;
71.12.20;71;CON;
71.20.10;71;CON;
71.11.00;71;CON;
71.11.00;71;CON;
71.11.00;71;CON;
71.12.10;71;CON;
71.11.00;71;CON;
71.12.10;71;CON;
71.11.00;71;CON;
71.12.20;71;CON;
71.11.00;71;CON;
71.12.20;71;CON;
71.12.10;71;CON;
71.12.10;71;CON;
71.20.10;71;CON;
71.11.00;71;CON;
71.12.30;71;CON;
71.11.00;71;CON;
71.11.00;71;CON;
71.12.20;71;CON;
71.11.00;71;CON;
71.12.10;71;CON;
71.11.00;71;CON;
71.12.20;71;CON;
71.12.10;71;CON;
71.11.00;71;CON;
72.19.09;72;RES;
72.19.09;72;RES;
72.19.09;72;RES;
72.19.09;72;RES;
72.19.09;72;RES;
72.60.0;72;RES;
72.11.00;72;RES;
72.19.09;72;RES;
72.19.09;72;RES;
72.19.09;72;RES;
72.21.0;72;RES;
72.19.09;72;RES;
72.19.09;72;RES;
72.19.09;72;RES;
72.10.0;72;RES;
72.11.00;72;RES;
72.19.09;72;RES;
72.19.09;72;RES;
72.19.09;72;RES;
72.20.00;72;RES;
72.21.0;72;RES;
72.19.09;72;RES;
72.19.09;72;RES;
72.60.0;72;RES;
72.19.09;72;RES;
72.19.09;72;RES;
72.19.09;72;RES;
72.19.09;72;RES;
72.19.09;72;RES;
72.11.00;72;RES;
72.20.00;72;RES;
72.19.09;72;RES;
72.19.01;72;RES;
72.19.09;72;RES;
72.19.09;72;RES;
72.19.09;72;RES;
72.20.00;72;RES;
72.11.00;72;RES;
72.20.00;72;RES;
72.21.0;72;RES;
72.60.0;72;RES;
72.19.09;72;RES;
72.19.09;72;RES;
72.11.00;72;RES;
72.19.09;72;RES;
72.19.09;72;RES;
72.19.01;72;RES;
72.19.01;72;RES;
72.19.09;72;RES;
72.19.09;72;RES;
72.19.09;72;RES;
72.19.01;72;RES;
72.19.09;72;RES;
72.11.00;72;RES;
72.11.00;72;RES;
72.11.00;72;RES;
72.11.00;72;RES;
72.11.00;72;RES;
72.19.09;72;RES;
72.19.09;72;RES;
72.19.09;72;RES;
72.19.09;72;RES;
72.11.00;72;RES;
72.19.09;72;RES;
72.19.09;72;RES;
72.19.09;72;RES;
72.19.09;72;RES;
72.19.09;72;RES;
72.19.09;72;RES;
72.19.09;72;RES;
72.19.09;72;RES;
72.19.01;72;RES;
72.19.09;72;RES;
72.19.09;72;RES;
72.19.09;72;RES;
72.19.09;72;RES;
72.19.09;72;RES;
72.19.01;72;RES;
72.11.00;72;RES;
72.19.09;72;RES;
72.19.09;72;RES;
72.19.09;72;RES;
72.19.09;72;RES;
72.11.00;72;RES;
72.11.00;72;RES;
72.19.09;72;RES;
72.11.00;72;RES;
72.19.09;72;RES;
72.19.09;72;RES;
72.19.09;72;RES;
72.19.09;72;RES;
72.19.09;72;RES;
72.19.09;72;RES;
72.19.09;72;RES;
72.19.09;72;RES;
72.19.09;72;RES;
72.19.09;72;RES;
72.19.09;72;RES;
72.19.09;72;RES;
72.19.09;72;RES;
72.19.09;72;RES;
72.11.00;72;RES;
72.19.09;72;RES;
72.19.09;72;RES;
72.19.09;72;RES;
72.11.00;72;RES;
72.19.01;72;RES;
72.11.00;72;RES;
72.21.0;72;RES;
72.19.09;72;RES;
72.21.0;72;RES;
72.19.09;72;RES;
72.19.09;72;RES;
72.21.0;72;RES;
72.11.00;72;RES;
72.19.09;72;RES;
72.19.09;72;RES;
72.19.09;72;RES;
72.19.09;72;RES;
72.19.09;72;RES;
72.19.09;72;RES;
72.19.09;72;RES;
72.11.00;72;RES;
72.19.09;72;RES;
72.19.09;72;RES;
72.20.00;72;RES;
72.19.09;72;RES;
72.19.01;72;RES;
72.19.09;72;RES;
73.20.00;73;SER;
73.11.01;73;SER;
73.11.01;73;SER;
73.11.01;73;SER;
73.11.02;73;SER;
73.11.01;73;SER;
73.11.01;73;SER;
73.20.00;73;SER;
73.11.01;73;SER;
73.11.01;73;SER;
73.11.01;73;SER;
73.11.01;73;SER;
73.11.01;73;SER;
73.11.01;73;SER;
73.11.02;73;SER;
73.10.D;73;SER;
73.11.01;73;SER;
73.11.01;73;SER;
73.11.01;73;SER;
73.10.C;73;SER;
74.90.93;74;SER;
74.90.93;74;SER;
74.20.F;74;SER;
74.10.30;74;SER;
74.10.21;74;SER;
74.50.1;74;SER;
74.50.1;74;SER;
74.50.1;74;SER;
74.50.1;74;SER;
74.50.1;74;SER;
74.50.1;74;SER;
74.50.1;74;SER;
74.50.1;74;SER;
74.10.21;74;SER;
74.50.1;74;SER;
74.50.1;74;SER;
74.50.1;74;SER;
74.50.1;74;SER;
74.50.1;74;SER;
74.90.11;74;SER;
74.10.90;74;SER;
74.50.1;74;SER;
74.10.21;74;SER;
74.10.21;74;SER;
74.50.2;74;SER;
74.20.20;74;SER;
74.20.2;74;SER;
74.50.1;74;SER;
74.90.93;74;SER;
74.11.1;74;SER;
74.30.00;74;SER;
74.50.1;74;SER;
74.11.1;74;SER;
74.11.1;74;SER;
74.11.1;74;SER;
74.90.21;74;SER;
74.90.93;74;SER;
74.10.30;74;SER;
74.50.2;74;SER;
74.50.1;74;SER;
74.50.1;74;SER;
74.50.1;74;SER;
74.50.1;74;SER;
74.50.1;74;SER;
74.50.1;74;SER;
74.90.93;74;SER;
74.10.21;74;SER;
74.90.93;74;SER;
74.50.1;74;SER;
74.50.1;74;SER;
74.50.1;74;SER;
74.50.1;74;SER;
74.90.93;74;SER;
74.50.1;74;SER;
74.11.1;74;SER;
74.90.99;74;SER;
74.50.1;74;SER;
74.90.93;74;SER;
74.90.91;74;SER;
74.50.1;74;SER;
74.90.93;74;SER;
74.14.1;74;SER;
74.50.1;74;SER;
74.50.1;74;SER;
74.50.1;74;SER;
74.50.1;74;SER;
74.50.1;74;SER;
74.50.1;74;SER;
74.11.1;74;SER;
74.50.1;74;SER;
74.50.1;74;SER;
74.50.1;74;SER;
74.50.1;74;SER;
74.50.1;74;SER;
74.50.2;74;SER;
74.10.30;74;SER;
74.90.93;74;SER;
74.50.1;74;SER;
74.50.2;74;SER;
74.50.1;74;SER;
74.50.1;74;SER;
74.50.2;74;SER;
74.90.93;74;SER;
74.20.19;74;SER;
74.50.1;74;SER;
74.50.1;74;SER;
74.50.1;74;SER;
74.10.30;74;SER;
74.50.1;74;SER;
74.50.2;74;SER;
74.50.1;74;SER;
74.90.21;74;SER;
74.50.1;74;SER;
74.10.30;74;SER;
74.50.2;74;SER;
74.90.91;74;SER;
74.50.1;74;SER;
74.90.91;74;SER;
74.90.99;74;SER;
74.50.1;74;SER;
74.50.2;74;SER;
74.11.1;74;SER;
74.11.1;74;SER;
74.50.1;74;SER;
74.50.1;74;SER;
74.50.1;74;SER;
74.50.1;74;SER;
74.50.1;74;SER;
74.50.1;74;SER;
74.50.1;74;SER;
74.90.93;74;SER;
74.50.1;74;SER;
74.50.2;74;SER;
74.50.2;74;SER;
74.90.99;74;SER;
74.10.30;74;SER;
74.10.90;74;SER;
74.50.2;74;SER;
74.50.2;74;SER;
74.10.30;74;SER;
74.50.1;74;SER;
74.90.21;74;SER;
74.50.1;74;SER;
74.50.1;74;SER;
74.50.1;74;SER;
74.90.91;74;SER;
74.90.93;74;SER;
74.90.93;74;SER;
74.50.1;74;SER;
74.50.1;74;SER;
74.90.93;74;SER;
74.50.1;74;SER;
74.50.1;74;SER;
74.90.93;74;SER;
74.90.11;74;SER;
74.10.21;74;SER;
74.50.1;74;SER;
74.50.1;74;SER;
74.10.21;74;SER;
74.50.1;74;SER;
74.50.2;74;SER;
74.90.93;74;SER;
74.20.20;74;SER;
74.50.1;74;SER;
74.90.99;74;SER;
74.90.93;74;SER;
74.90.21;74;SER;
74.50.1;74;SER;
74.10.30;74;SER;
74.10.30;74;SER;
74.50.2;74;SER;
74.50.2;74;SER;
74.90.93;74;SER;
74.50.1;74;SER;
74.50.1;74;SER;
74.90.93;74;SER;
74.50.1;74;SER;
74.90.21;74;SER;
74.90.93;74;SER;
74.50.2;74;SER;
74.87.8;74;SER;
74.10.21;74;SER;
75.11.2;75;SER;
77.40.00;77;SER;
77.40.00;77;SER;
77.40.00;77;SER;
78.10.00;78;SER;
78.10.00;78;SER;
78.10.00;78;SER;
78.10.00;78;SER;
78.10.00;78;SER;
78.10.00;78;SER;
78.10.00;78;SER;
78.10.00;78;SER;
78.10.00;78;SER;
78.10.00;78;SER;
78.10.00;78;SER;
78.10.00;78;SER;
78.20.00;78;SER;
78.20.00;78;SER;
78.20.00;78;SER;
78.10.00;78;SER;
78.20.00;78;SER;
78.20.00;78;SER;
78.10.00;78;SER;
78.10.00;78;SER;
78.10.00;78;SER;
78.10.00;78;SER;
78.10.00;78;SER;
78.10.00;78;SER;
78.20.00;78;SER;
78.10.00;78;SER;
78.10.00;78;SER;
78.10.00;78;SER;
78.10.00;78;SER;
78.20.00;78;SER;
78.10.00;78;SER;
78.10.00;78;SER;
78.10.00;78;SER;
78.10.00;78;SER;
78.20.00;78;SER;
78.20.00;78;SER;
78.20.00;78;SER;
78.20.00;78;SER;
78.10.00;78;SER;
78.20.00;78;SER;
78.10.00;78;SER;
78.10.00;78;SER;
78.10.00;78;SER;
78.20.00;78;SER;
78.20.00;78;SER;
78.20.00;78;SER;
78.20.00;78;SER;
78.10.00;78;SER;
78.10.00;78;SER;
78.10.00;78;SER;
78.20.00;78;SER;
78.20.00;78;SER;
78.20.00;78;SER;
78.20.00;78;SER;
78.20.00;78;SER;
78.20.00;78;SER;
78.20.00;78;SER;
78.20.00;78;SER;
78.20.00;78;SER;
78.20.00;78;SER;
78.20.00;78;SER;
78.20.00;78;SER;
78.10.00;78;SER;
78.20.00;78;SER;
78.20.00;78;SER;
78.20.00;78;SER;
78.10.00;78;SER;
78.20.00;78;SER;
78.20.00;78;SER;
78.10.00;78;SER;
78.10.00;78;SER;
78.10.00;78;SER;
78.10.00;78;SER;
78.10.00;78;SER;
78.10.00;78;SER;
78.10.00;78;SER;
78.20.00;78;SER;
78.20.00;78;SER;
78.20.00;78;SER;
78.20.00;78;SER;
78.20.00;78;SER;
78.20.00;78;SER;
78.20.00;78;SER;
78.20.00;78;SER;
78.10.00;78;SER;
78.10.00;78;SER;
78.10.00;78;SER;
78.10.00;78;SER;
78.20.00;78;SER;
78.20.00;78;SER;
78.10.00;78;SER;
78.20.00;78;SER;
78.20.00;78;SER;
78.20.00;78;SER;
78.10.00;78;SER;
78.20.00;78;SER;
78.10.00;78;SER;
78.20.00;78;SER;
78.20.00;78;SER;
78.20.00;78;SER;
78.20.00;78;SER;
78.20.00;78;SER;
78.20.00;78;SER;
78.10.00;78;SER;
78.20.00;78;SER;
78.20.00;78;SER;
78.20.00;78;SER;
78.20.00;78;SER;
78.20.00;78;SER;
78.10.00;78;SER;
78.20.00;78;SER;
78.20.00;78;SER;
78.10.00;78;SER;
80.30.1;80;SER;
81.21.00;81;SER;
81.22.02;81;SER;
81.21.00;81;SER;
81.21.00;81;SER;
81.30.00;81;SER;
81.21.00;81;SER;
81.21.00;81;SER;
81.21.00;81;SER;
81.29.91;81;SER;
82.20.00;82;SER;
82.20.00;82;SER;
82.99.99;82;SER;
82.20.00;82;SER;
82.99.99;82;SER;
82.99.99;82;SER;
82.99.99;82;SER;
82.99.99;82;SER;
82.99.99;82;SER;
82.99.99;82;SER;
82.99.99;82;SER;
82.91.10;82;SER;
82.99.99;82;SER;
82.99.99;82;SER;
82.99.99;82;SER;
82.99.99;82;SER;
82.20.00;82;SER;
82.99.99;82;SER;
82.99.99;82;SER;
82.20.00;82;SER;
82.99.99;82;SER;
82.99.99;82;SER;
82.99.99;82;SER;
82.99.99;82;SER;
82.99.99;82;SER;
82.99.99;82;SER;
82.99.99;82;SER;
82.99.99;82;SER;
82.99.99;82;SER;
82.30.00;82;SER;
82.20.00;82;SER;
82.99.99;82;SER;
82.99.99;82;SER;
82.99.99;82;SER;
82.99.99;82;SER;
82.99.99;82;SER;
82.99.99;82;SER;
82.20.00;82;SER;
82.99.99;82;SER;
82.99.99;82;SER;
82.99.99;82;SER;
82.99.99;82;SER;
82.99.99;82;SER;
82.99.99;82;SER;
82.99.99;82;SER;
82.99.99;82;SER;
84.11.10;84;PSER;
84.12.10;84;PSER;
84.11.10;84;PSER;
84.11.10;84;PSER;
84.11.10;84;PSER;
84.11.10;84;PSER;
84.11.10;84;PSER;
84.11.10;84;PSER;
84.12.10;84;PSER;
84.11.10;84;PSER;
84.11.10;84;PSER;
84.11.10;84;PSER;
84.11.10;84;PSER;
84.11.10;84;PSER;
84.11.10;84;PSER;
84.11.10;84;PSER;
84.11.10;84;PSER;
84.11.10;84;PSER;
84.11.10;84;PSER;
84.11.10;84;PSER;
84.11.10;84;PSER;
84.11.10;84;PSER;
84.11.10;84;PSER;
84.11.10;84;PSER;
84.11.10;84;PSER;
84.11.10;84;PSER;
84.11.10;84;PSER;
84.11.10;84;PSER;
84.11.10;84;PSER;
84.11.10;84;PSER;
84.13.80;84;PSER;
84.11.10;84;PSER;
84.11.10;84;PSER;
84.11.10;84;PSER;
84.11.10;84;PSER;
84.11.10;84;PSER;
84.11.10;84;PSER;
84.11.10;84;PSER;
84.11.10;84;PSER;
84.11.10;84;PSER;
85.42.00;85;PSER;
85.42.00;85;PSER;
85.42.00;85;PSER;
85.42.00;85;PSER;
85.42.00;85;PSER;
85.42.00;85;PSER;
85.42.00;85;PSER;
85.42.00;85;PSER;
85.42.00;85;PSER;
85.42.00;85;PSER;
85.42.00;85;PSER;
85.42.00;85;PSER;
85.42.00;85;PSER;
85.52.01;85;PSER;
85.42.00;85;PSER;
85.59.90;85;PSER;
85.42.00;85;PSER;
85.42.00;85;PSER;
85.42.00;85;PSER;
85.42.00;85;PSER;
85.32.09;85;PSER;
85.42.00;85;PSER;
85.59.20;85;PSER;
85.59.90;85;PSER;
85.59.20;85;PSER;
85.31.0;85;PSER;
85.42.00;85;PSER;
85.42.00;85;PSER;
85.42.00;85;PSER;
85.59.20;85;PSER;
85.31.20;85;PSER;
85.59.20;85;PSER;
85.32.0;85;PSER;
85.59.20;85;PSER;
85.42.00;85;PSER;
85.42.00;85;PSER;
85.42.00;85;PSER;
85.42.00;85;PSER;
85.42.00;85;PSER;
85.32.09;85;PSER;
85.42.00;85;PSER;
85.42.00;85;PSER;
85.42.00;85;PSER;
85.42.00;85;PSER;
85.42.00;85;PSER;
85.59.20;85;PSER;
85.59.20;85;PSER;
85.42.00;85;PSER;
85.42.00;85;PSER;
85.42.00;85;PSER;
85.59.90;85;PSER;
85.59.20;85;PSER;
85.59.20;85;PSER;
85.42.00;85;PSER;
85.32.09;85;PSER;
85.32.09;85;PSER;
85.32.09;85;PSER;
85.31.20;85;PSER;
85.59.20;85;PSER;
85.42.00;85;PSER;
85.42.00;85;PSER;
85.42.00;85;PSER;
85.32.09;85;PSER;
85.31.20;85;PSER;
85.31.20;85;PSER;
85.42.00;85;PSER;
85.42.00;85;PSER;
85.59.20;85;PSER;
85.42.00;85;PSER;
85.42.00;85;PSER;
85.42.00;85;PSER;
86.90.21;86;PSER;
86.10.10;86;PSER;
86.10.20;86;PSER;
86.10.10;86;PSER;
86.90.12;86;PSER;
86.10.20;86;PSER;
86.10.20;86;PSER;
86.22.09;86;PSER;
86.10.10;86;PSER;
86.22.06;86;PSER;
86.10.10;86;PSER;
86.10.10;86;PSER;
86.10.20;86;PSER;
86.10.10;86;PSER;
86.22.09;86;PSER;
86.10.10;86;PSER;
86.10.10;86;PSER;
86.90.12;86;PSER;
86.10.10;86;PSER;
86.10.10;86;PSER;
86.10.10;86;PSER;
86.10.10;86;PSER;
86.10.10;86;PSER;
86.10.10;86;PSER;
86.10.10;86;PSER;
86.10.10;86;PSER;
86.10.10;86;PSER;
86.10.10;86;PSER;
86.10.10;86;PSER;
86.10.20;86;PSER;
86.90.12;86;PSER;
86.10.10;86;PSER;
86.10.10;86;PSER;
86.10.10;86;PSER;
86.10.10;86;PSER;
86.10.10;86;PSER;
86.10.10;86;PSER;
86.10.10;86;PSER;
86.10.10;86;PSER;
86.10.10;86;PSER;
86.10.10;86;PSER;
86.10.10;86;PSER;
86.23.00;86;PSER;
86.10.20;86;PSER;
86.90.12;86;PSER;
86.10.10;86;PSER;
86.10.10;86;PSER;
86.10.10;86;PSER;
86.10.10;86;PSER;
86.21.00;86;PSER;
86.10.10;86;PSER;
87.30.00;87;PSER;
87.30.00;87;PSER;
87.10.00;87;PSER;
87.30.00;87;PSER;
87.30.00;87;PSER;
87.30.00;87;PSER;
87.30.00;87;PSER;
87.30.00;87;PSER;
87.30.00;87;PSER;
87.30.00;87;PSER;
87.30.00;87;PSER;
87.30.00;87;PSER;
87.30.00;87;PSER;
87.30.00;87;PSER;
88.10.00;88;PSER;
88.10.00;88;PSER;
88.10.00;88;PSER;
88.10.00;88;PSER;
88.10.00;88;PSER;
88.10.00;88;PSER;
88.10.00;88;PSER;
88.10.00;88;PSER;
88.10.00;88;PSER;
88.10.00;88;PSER;
88.10.00;88;PSER;
88.10.00;88;PSER;
88.10.00;88;PSER;
88.10.00;88;PSER;
88.10.00;88;PSER;
88.10.00;88;PSER;
88.10.00;88;PSER;
88.10.00;88;PSER;
88.10.00;88;PSER;
88.10.00;88;PSER;
88.10.00;88;PSER;
88.10.00;88;PSER;
88.10.00;88;PSER;
90.02.09;90;OTH;
90.02.09;90;OTH;
91.02.00;91;OTH;
91.03.00;91;OTH;
91.04.00;91;OTH;
91.04.00;91;OTH;
91.04.00;91;OTH;
91.03.00;91;OTH;
91.02.00;91;OTH;
92.00.02;92;OTH;
93.12.00;93;OTH;
93.01.1;93;OTH;
93.29.30;93;OTH;
93.05.0;93;OTH;
93.05.0;93;OTH;
93.12.00;93;OTH;
93.29.90;93;OTH;
93.05.0;93;OTH;
93.29.30;93;OTH;
93.29.90;93;OTH;
93.29.90;93;OTH;
93.29.90;93;OTH;
93.05.0;93;OTH;
93.12.00;93;OTH;
94.20.00;94;OTH;
94.20.00;94;OTH;
94.20.00;94;OTH;
94.99.90;94;OTH;
94.20.00;94;OTH;
94.20.00;94;OTH;
94.99.20;94;OTH;
94.20.00;94;OTH;
94.20.00;94;OTH;
94.11.00;94;OTH;
94.91.00;94;OTH;
94.20.00;94;OTH;
94.99.90;94;OTH;
94.11.00;94;OTH;
94.11.00;94;OTH;
94.99.20;94;OTH;
94.11.00;94;OTH;
94.12.10;94;OTH;
94.99.90;94;OTH;
94.99.90;94;OTH;
94.11.00;94;OTH;
94.11.00;94;OTH;
95.11.00;95;OTH;
95.11.00;95;OTH;
95.11.00;95;OTH;
95.24.01;95;OTH;
95.11.00;95;OTH;
95.11.00;95;OTH;
95.11.00;95;OTH;
95.11.00;95;OTH;
96.02.02;96;OTH;
96.04.10;96;OTH;
96.02.01;96;OTH;
97.00.00;97;OTH;
99.00.00;99;OTH;
99.00.00;99;OTH;
